timestamp,symbol,action,entry_price,exit_price,amount,pnl_usdt
2026-09-09 09:46:43.453940,WIF/USDT,TAKE PROFIT,0.215,0.2159,23.25581395348837,0.020930232558139812
2026-09-09 09:46:52.684972,DOGS/USDT,TAKE PROFIT,4.881e-05,4.899e-05,102438.0249948781,0.018438844499077536
2026-09-09 09:47:49.796274,DOGS/USDT,TAKE PROFIT,4.899e-05,4.898e-05,102061.64523372118,-0.0010206164523366833
2026-09-09 09:48:00.746856,TURBO/USDT,TAKE PROFIT,0.001014,0.001015,4930.966469428008,0.004930966469428663
2026-09-09 09:48:56.601957,WIF/USDT,TAKE PROFIT,0.2156,0.2156,23.191094619666046,0.0
2026-09-09 09:49:14.175212,CATI/USDT,TAKE PROFIT,0.06184,0.06197,80.85381630012937,0.01051099611901667
2026-09-09 09:50:02.979896,WIF/USDT,TAKE PROFIT,0.2154,0.2156,23.212627669452182,0.0046425255338905696
2026-09-09 09:51:09.443546,WIF/USDT,TAKE PROFIT,0.2156,0.2158,23.191094619666046,0.004638218923932698
2026-09-09 09:52:15.851988,WIF/USDT,TAKE PROFIT,0.2158,0.2159,23.169601482854496,0.0023169601482858375
2026-09-09 09:56:40.833261,WIF/USDT,TAKE PROFIT,0.2158,0.2158,23.169601482854496,0.0
2026-09-09 09:57:46.844959,TURBO/USDT,TAKE PROFIT,0.001016,0.001018,4921.259842519685,0.00984251968503961
2026-09-09 09:58:53.206735,TURBO/USDT,TAKE PROFIT,0.001018,0.001018,4911.591355599214,0.0
2026-09-09 10:05:30.646758,WIF/USDT,TAKE PROFIT,0.2159,0.2155,23.158869847151458,-0.009263547938860849
2026-09-09 10:06:36.920422,WIF/USDT,TAKE PROFIT,0.2155,0.2159,23.20185614849188,0.009280742459397019
2026-09-09 10:07:43.088452,WIF/USDT,TAKE PROFIT,0.2159,0.2158,23.158869847151458,-0.0023158869847155336
2026-09-09 10:08:48.973549,WIF/USDT,TAKE PROFIT,0.2158,0.2158,23.169601482854496,0.0
2026-09-09 10:09:56.089039,DOGS/USDT,TAKE PROFIT,4.973e-05,4.976e-05,100542.93183189222,0.0030162879549565673
2026-09-09 10:11:02.677337,DOGS/USDT,TAKE PROFIT,4.976e-05,4.952e-05,100482.3151125402,-0.024115755627009416
2026-09-09 10:12:09.249859,DOGS/USDT,TAKE PROFIT,4.952e-05,4.938e-05,100969.30533117932,-0.014135702746365312
2026-09-09 10:13:16.023953,DOGS/USDT,TAKE PROFIT,4.938e-05,4.936e-05,101255.5690562981,-0.0020251113811255994
2026-09-09 10:14:22.225238,DOGS/USDT,TAKE PROFIT,4.936e-05,4.929e-05,101296.5964343598,-0.007090761750405633
2026-09-09 10:15:27.667018,WIF/USDT,TAKE PROFIT,0.2156,0.2151,23.191094619666046,-0.011595547309833034
2026-09-09 10:16:33.096555,WIF/USDT,TAKE PROFIT,0.2151,0.2152,23.24500232450023,0.002324500232449767
2026-09-09 10:17:38.526178,WIF/USDT,TAKE PROFIT,0.2152,0.2152,23.234200743494423,0.0
2026-09-09 10:18:44.850740,WIF/USDT,TAKE PROFIT,0.2152,0.2153,23.234200743494423,0.0023234200743491866
2026-09-09 10:22:02.002093,WIF/USDT,TAKE PROFIT,0.2152,0.2158,23.234200743494423,0.013940520446096408
2026-09-09 10:23:07.699742,DOGS/USDT,TAKE PROFIT,4.921e-05,4.917e-05,101605.36476325951,-0.004064214590530342
2026-09-09 10:24:13.150038,DOGS/USDT,TAKE PROFIT,4.917e-05,4.935e-05,101688.0211511084,0.018303843807199682
2026-09-09 10:25:19.538211,DOGS/USDT,TAKE PROFIT,4.935e-05,4.931e-05,101317.12259371833,-0.004052684903748695
2026-09-09 10:34:09.133506,DOGS/USDT,TAKE PROFIT,4.914e-05,4.904e-05,101750.10175010175,-0.010175010175010423
2026-09-09 10:35:14.872373,DOGS/USDT,TAKE PROFIT,4.904e-05,4.905e-05,101957.58564437194,0.0010195758564438824
2026-09-09 10:46:18.416910,CATI/USDT,TAKE PROFIT,0.06235,0.06279,80.19246190858058,0.035284683239775134
2026-09-09 10:47:25.396589,DOGS/USDT,TAKE PROFIT,4.892e-05,4.9e-05,102207.68601798856,0.008176614881439006
2026-09-09 10:48:32.544656,DOGS/USDT,TAKE PROFIT,4.9e-05,4.896e-05,102040.81632653062,-0.004081632653061186
2026-09-09 10:49:39.166119,DOGS/USDT,TAKE PROFIT,4.896e-05,4.889e-05,102124.18300653595,-0.007148692810457275
2026-09-09 10:50:44.987637,DOGS/USDT,TAKE PROFIT,4.889e-05,4.897e-05,102270.4029453876,0.00818163223563093
2026-09-09 10:51:51.546656,DOGS/USDT,TAKE PROFIT,4.897e-05,4.893e-05,102103.32856851134,-0.004084133142740414
2026-09-09 10:52:57.060688,DOGS/USDT,TAKE PROFIT,4.893e-05,4.895e-05,102186.79746576742,0.0020437359493149826
2026-09-09 10:54:03.926496,DOGS/USDT,TAKE PROFIT,4.895e-05,4.891e-05,102145.04596527069,-0.0040858018386107885
2026-09-09 10:55:10.136559,DOGS/USDT,TAKE PROFIT,4.891e-05,4.89e-05,102228.58311183807,-0.0010222858311178514
2026-09-09 10:56:16.066226,DOGS/USDT,TAKE PROFIT,4.89e-05,4.888e-05,102249.48875255624,-0.0020449897750514515
2026-09-09 10:57:22.525004,DOGS/USDT,TAKE PROFIT,4.888e-05,4.89e-05,102291.32569558102,0.0020458265139119474
2026-09-09 10:58:29.127131,DOGS/USDT,TAKE PROFIT,4.89e-05,4.885e-05,102249.48875255624,-0.005112474437627936
2026-09-09 10:59:35.830674,DOGS/USDT,TAKE PROFIT,4.885e-05,4.885e-05,102354.14534288639,0.0
2026-09-09 11:00:42.121968,DOGS/USDT,TAKE PROFIT,4.885e-05,4.878e-05,102354.14534288639,-0.007164790174002499
2026-09-09 11:01:48.750988,DOGS/USDT,TAKE PROFIT,4.878e-05,4.88e-05,102501.0250102501,0.00205002050020533
2026-09-09 11:02:54.543945,DOGS/USDT,TAKE PROFIT,4.88e-05,4.862e-05,102459.01639344262,-0.018442622950819842
2026-09-09 11:04:01.172140,WIF/USDT,TAKE PROFIT,0.2131,0.2135,23.46316283435007,0.009385265133739645
2026-09-09 11:05:06.751157,WIF/USDT,TAKE PROFIT,0.2135,0.214,23.4192037470726,0.011709601873536311
2026-09-09 11:06:13.008291,WIF/USDT,TAKE PROFIT,0.214,0.2149,23.364485981308412,0.02102803738317785
2026-09-09 11:07:19.109836,DOGS/USDT,TAKE PROFIT,4.855e-05,4.883e-05,102986.61174047373,0.02883625128733237
2026-09-09 11:08:26.607920,CATI/USDT,TAKE PROFIT,0.06237,0.06206,80.1667468334135,-0.024851691518358563
2026-09-09 11:09:32.679237,CATI/USDT,TAKE PROFIT,0.06206,0.06192,80.56719303899453,-0.011279407025458776
2026-09-09 11:10:41.090787,DOGS/USDT,TAKE PROFIT,4.88e-05,4.878e-05,102459.01639344262,-0.00204918032786918
2026-09-09 11:11:47.543307,DOGS/USDT,TAKE PROFIT,4.878e-05,4.874e-05,102501.0250102501,-0.004100041000409965
2026-09-09 11:12:54.771337,DOGS/USDT,TAKE PROFIT,4.874e-05,4.869e-05,102585.14567090686,-0.005129257283544773
2026-09-09 11:14:01.557373,CATI/USDT,TAKE PROFIT,0.06205,0.06208,80.58017727639,0.002417405318291881
2026-09-09 11:16:13.402552,TURBO/USDT,TAKE PROFIT,0.001005,0.00101,4975.124378109453,0.024875621890547327
2026-09-09 11:21:42.668932,WIF/USDT,TAKE PROFIT,0.2136,0.213,23.40823970037453,-0.01404494382022512
2026-09-09 11:22:48.550237,WIF/USDT,TAKE PROFIT,0.213,0.2132,23.474178403755868,0.004694835680751308
2026-09-09 11:23:55.146593,CATI/USDT,TAKE PROFIT,0.06202,0.06189,80.61915511125443,-0.010480490164462928
2026-09-09 11:25:01.346572,CATI/USDT,TAKE PROFIT,0.06189,0.06199,80.78849571820973,0.008078849571821204
2026-09-09 11:27:13.461064,WIF/USDT,TAKE PROFIT,0.2129,0.2135,23.485204321277596,0.01409112259276631
2026-09-09 11:32:42.757245,CATI/USDT,TAKE PROFIT,0.06196,0.06199,80.69722401549386,0.002420916720464997
2026-09-09 11:34:54.393272,WIF/USDT,TAKE PROFIT,0.2136,0.2143,23.40823970037453,0.016385767790261664
2026-09-09 11:36:01.308123,WIF/USDT,TAKE PROFIT,0.2143,0.2141,23.33177788147457,-0.0046663555762944
2026-09-09 11:37:08.223807,WIF/USDT,TAKE PROFIT,0.2141,0.2144,23.353573096683792,0.007006071929005014
2026-09-09 11:38:14.612287,BOME/USDT,TAKE PROFIT,0.0009017,0.0009021,5545.081512698237,0.0022180326050793486
2026-09-09 11:39:21.524766,WIF/USDT,TAKE PROFIT,0.214,0.2142,23.364485981308412,0.004672897196261816
2026-09-09 11:40:27.296161,WIF/USDT,TAKE PROFIT,0.2142,0.2144,23.34267040149393,0.00466853408029892
2026-09-09 11:41:33.227616,WIF/USDT,TAKE PROFIT,0.2144,0.2141,23.32089552238806,-0.006996268656716295
2026-09-09 11:42:38.781491,WIF/USDT,TAKE PROFIT,0.2141,0.2145,23.353573096683792,0.009341429238673137
2026-09-09 11:43:44.253491,WIF/USDT,TAKE PROFIT,0.2145,0.2142,23.31002331002331,-0.00699300699300687
2026-09-09 11:44:49.714898,WIF/USDT,TAKE PROFIT,0.2142,0.2141,23.34267040149393,-0.002334267040149136
2026-09-09 11:45:55.473086,MEME/USDT,TAKE PROFIT,0.000562,0.000559,8896.79715302491,-0.026690391459074415
2026-09-09 11:47:02.068888,TURBO/USDT,TAKE PROFIT,0.001007,0.001009,4965.243296921549,0.009930486593842262
2026-09-09 11:48:07.603781,WIF/USDT,TAKE PROFIT,0.2131,0.2146,23.46316283435007,0.035194744251525134
2026-09-09 11:49:13.089700,WIF/USDT,TAKE PROFIT,0.2146,0.2143,23.29916123019571,-0.006989748369059237
2026-09-09 11:50:19.863719,WIF/USDT,TAKE PROFIT,0.2143,0.2141,23.33177788147457,-0.0046663555762944
2026-09-09 11:51:25.458641,WIF/USDT,TAKE PROFIT,0.2141,0.2148,23.353573096683792,0.01634750116767815
2026-09-09 11:52:31.896119,WIF/USDT,TAKE PROFIT,0.2148,0.2142,23.277467411545626,-0.013966480446927129
2026-09-09 11:53:37.501554,WIF/USDT,TAKE PROFIT,0.2142,0.214,23.34267040149393,-0.00466853408029892
2026-09-09 11:54:44.269185,WIF/USDT,TAKE PROFIT,0.214,0.2137,23.364485981308412,-0.0070093457943924
2026-09-09 11:55:50.725328,WIF/USDT,TAKE PROFIT,0.2137,0.2137,23.39728591483388,0.0
2026-09-09 11:56:56.816135,WIF/USDT,TAKE PROFIT,0.2137,0.2133,23.39728591483388,-0.00935891436593382
2026-09-09 11:58:02.985508,WIF/USDT,TAKE PROFIT,0.2133,0.2132,23.441162681669013,-0.0023441162681666432
2026-09-09 11:59:10.134395,WIF/USDT,TAKE PROFIT,0.2132,0.2131,23.452157598499063,-0.002345215759849648
2026-09-09 12:00:16.167755,WIF/USDT,TAKE PROFIT,0.2131,0.2133,23.46316283435007,0.004692632566869497
2026-09-09 12:01:21.956826,WIF/USDT,TAKE PROFIT,0.2133,0.2135,23.441162681669013,0.004688232536333937
2026-09-09 12:02:28.222299,WIF/USDT,TAKE PROFIT,0.2135,0.214,23.4192037470726,0.011709601873536311
2026-09-09 12:06:52.557602,WIF/USDT,TAKE PROFIT,0.2128,0.2132,23.49624060150376,0.009398496240601774
2026-09-09 12:09:03.854853,WIF/USDT,TAKE PROFIT,0.2121,0.212,23.573785950023574,-0.002357378595002752
2026-09-09 12:10:09.387269,WIF/USDT,TAKE PROFIT,0.212,0.2124,23.58490566037736,0.009433962264151214
2026-09-09 12:11:15.221740,WIF/USDT,TAKE PROFIT,0.2124,0.2125,23.540489642184557,0.0023540489642181962
2026-09-09 12:12:20.764374,TURBO/USDT,TAKE PROFIT,0.001007,0.001002,4965.243296921549,-0.02482621648460781
2026-09-09 12:13:26.620375,WIF/USDT,TAKE PROFIT,0.2118,0.211,23.607176581680832,-0.018885741265344553
2026-09-09 12:14:32.604894,WIF/USDT,TAKE PROFIT,0.211,0.2116,23.696682464454977,0.014218009478673393
2026-09-09 12:15:38.079005,WIF/USDT,TAKE PROFIT,0.2116,0.2113,23.629489603024574,-0.007088846880907903
2026-09-09 12:16:44.384032,DOGS/USDT,TAKE PROFIT,4.794e-05,4.818e-05,104297.03796412182,0.025031289111389705
2026-09-09 12:17:50.714888,DOGS/USDT,TAKE PROFIT,4.818e-05,4.844e-05,103777.501037775,0.02698215026982089
2026-09-09 12:18:56.534069,DOGS/USDT,TAKE PROFIT,4.844e-05,4.839e-05,103220.4789430223,-0.005161023947150541
2026-09-09 12:20:02.476939,DOGS/USDT,TAKE PROFIT,4.839e-05,4.833e-05,103327.133705311,-0.006199628022318951
2026-09-09 12:21:07.999466,CATI/USDT,TAKE PROFIT,0.06173,0.06238,80.99789405475458,0.0526486311355903
2026-09-09 12:23:20.045152,PNUT/USDT,TAKE PROFIT,0.0505,0.0495,99.009900990099,-0.09900990099009908
2026-09-09 12:24:25.855428,PNUT/USDT,TAKE PROFIT,0.0495,0.0494,101.01010101010101,-0.01010101010101039
2026-09-09 12:26:37.643423,PNUT/USDT,TAKE PROFIT,0.0493,0.0494,101.41987829614605,0.010141987829614896
2026-09-09 12:28:48.795522,PNUT/USDT,TAKE PROFIT,0.0495,0.0495,101.01010101010101,0.0
2026-09-09 12:29:54.605013,PNUT/USDT,TAKE PROFIT,0.0495,0.0497,101.01010101010101,0.02020202020202008
2026-09-09 12:36:27.729250,PNUT/USDT,TAKE PROFIT,0.0497,0.0499,100.60362173038229,0.020120724346076337
2026-09-09 12:39:44.077758,WIF/USDT,TAKE PROFIT,0.2079,0.2087,24.05002405002405,0.019240019240019123
2026-09-09 12:40:50.596256,BOME/USDT,TAKE PROFIT,0.0008797,0.0008803,5683.755825849722,0.003410253495509916
2026-09-09 12:41:56.618346,BOME/USDT,TAKE PROFIT,0.0008803,0.0008808,5679.881858457345,0.002839940929229049
2026-09-09 12:43:02.360913,BOME/USDT,TAKE PROFIT,0.0008808,0.0008807,5676.6575840145315,-0.0005676657584017747
2026-09-09 12:44:14.314538,PNUT/USDT,TAKE PROFIT,0.0497,0.0499,100.60362173038229,0.020120724346076337
2026-09-09 12:45:20.341740,PNUT/USDT,TAKE PROFIT,0.0499,0.0499,100.20040080160321,0.0
2026-09-09 12:46:26.804234,PNUT/USDT,TAKE PROFIT,0.0499,0.0499,100.20040080160321,0.0
2026-09-09 12:47:33.455770,PNUT/USDT,TAKE PROFIT,0.0499,0.0499,100.20040080160321,0.0
2026-09-09 12:48:39.638722,PNUT/USDT,TAKE PROFIT,0.0499,0.0499,100.20040080160321,0.0
2026-09-09 12:49:45.206197,BOME/USDT,TAKE PROFIT,0.0008806,0.0008816,5677.946854417442,0.005677946854416965
2026-09-09 12:53:03.689870,BOME/USDT,TAKE PROFIT,0.0008806,0.0008805,5677.946854417442,-0.0005677946854420659
2026-09-09 12:54:10.800464,BOME/USDT,TAKE PROFIT,0.0008805,0.0008806,5678.591709256105,0.0005678591709259321
2026-09-09 12:55:19.947108,NEIRO/USDT,TAKE PROFIT,8.696e-05,8.698e-05,57497.700091996325,0.0011499540018401102
2026-09-09 12:56:25.745174,TURBO/USDT,TAKE PROFIT,0.001005,0.001007,4975.124378109453,0.009950248756219146
2026-09-09 12:57:32.291456,TURBO/USDT,TAKE PROFIT,0.001007,0.001005,4965.243296921549,-0.00993048659384334
2026-09-09 12:58:38.953583,WIF/USDT,TAKE PROFIT,0.2096,0.2095,23.85496183206107,-0.0023854961832065064
2026-09-09 12:59:47.191622,WIF/USDT,TAKE PROFIT,0.2095,0.2095,23.86634844868735,0.0
2026-09-09 13:00:53.084960,WIF/USDT,TAKE PROFIT,0.2095,0.2095,23.86634844868735,0.0
2026-09-09 13:01:58.784956,WIF/USDT,TAKE PROFIT,0.2095,0.2094,23.86634844868735,-0.0023866348448684724
2026-09-09 13:03:06.584495,WIF/USDT,TAKE PROFIT,0.2094,0.2091,23.87774594078319,-0.007163323782234831
2026-09-09 13:04:12.660518,WIF/USDT,TAKE PROFIT,0.2091,0.2099,23.91200382592061,0.019129603060736373
2026-09-09 13:05:18.508675,WIF/USDT,TAKE PROFIT,0.2099,0.2104,23.820867079561694,0.011910433539780857
2026-09-09 13:06:24.946091,WIF/USDT,TAKE PROFIT,0.2104,0.2103,23.76425855513308,-0.0023764258555137056
2026-09-09 13:07:30.811073,WIF/USDT,TAKE PROFIT,0.2103,0.2109,23.775558725630052,0.01426533523537844
2026-09-09 13:08:37.540949,WIF/USDT,TAKE PROFIT,0.2109,0.2103,23.70791844476055,-0.014224751066856738
2026-09-09 13:09:43.822861,WIF/USDT,TAKE PROFIT,0.2103,0.21,23.775558725630052,-0.00713266761768889
2026-09-09 13:10:50.296125,WIF/USDT,TAKE PROFIT,0.21,0.2088,23.80952380952381,-0.028571428571428067
2026-09-09 13:11:56.579069,WIF/USDT,TAKE PROFIT,0.2088,0.209,23.946360153256702,0.004789272030650813
2026-09-09 13:13:02.941685,WIF/USDT,TAKE PROFIT,0.209,0.2089,23.923444976076556,-0.002392344497607392
2026-09-09 13:14:08.969664,WIF/USDT,TAKE PROFIT,0.2089,0.2096,23.934897079942555,0.016754427955959935
2026-09-09 13:15:15.473087,WIF/USDT,TAKE PROFIT,0.2096,0.2095,23.85496183206107,-0.0023854961832065064
2026-09-09 13:16:21.690980,WIF/USDT,TAKE PROFIT,0.2095,0.2099,23.86634844868735,0.009546539379475213
2026-09-09 13:17:27.751157,WIF/USDT,TAKE PROFIT,0.2099,0.2095,23.820867079561694,-0.009528346831824951
2026-09-09 13:18:33.752081,WIF/USDT,TAKE PROFIT,0.2095,0.2088,23.86634844868735,-0.016706443914080632
2026-09-09 13:19:40.098677,WIF/USDT,TAKE PROFIT,0.2088,0.2089,23.946360153256702,0.0023946360153254066
2026-09-09 13:20:47.337227,CATI/USDT,TAKE PROFIT,0.06214,0.06225,80.4634695848085,0.008850981654328852
2026-09-09 13:21:53.581603,PNUT/USDT,TAKE PROFIT,0.0498,0.0499,100.40160642570282,0.01004016064257057
2026-09-09 13:22:59.403572,PNUT/USDT,TAKE PROFIT,0.0499,0.05,100.20040080160321,0.010020040080160608
2026-09-09 13:24:05.528319,PNUT/USDT,TAKE PROFIT,0.05,0.0498,100.0,-0.020000000000000573
2026-09-09 13:25:11.615206,PNUT/USDT,TAKE PROFIT,0.0498,0.0498,100.40160642570282,0.0
2026-09-09 13:26:17.301292,PNUT/USDT,TAKE PROFIT,0.0498,0.05,100.40160642570282,0.02008032128514114
2026-09-09 13:29:38.085052,PNUT/USDT,TAKE PROFIT,0.05,0.0501,100.0,0.009999999999999593
2026-09-09 13:32:57.093638,PNUT/USDT,TAKE PROFIT,0.05,0.0503,100.0,0.02999999999999947
2026-09-09 13:34:03.518547,PNUT/USDT,TAKE PROFIT,0.0503,0.0504,99.40357852882704,0.009940357852882989
2026-09-09 14:34:22.779832,BOME/USDT,TAKE PROFIT,0.0008909,0.0008889,5612.302166348636,-0.011224604332697546
2026-09-09 14:36:37.231928,BOME/USDT,TAKE PROFIT,0.0008883,0.0008878,5628.729032984353,-0.0028143645164919397
2026-09-09 14:38:50.174475,BOME/USDT,TAKE PROFIT,0.0008897,0.0008897,5619.871866921434,0.0
2026-09-09 14:39:56.471917,BOME/USDT,TAKE PROFIT,0.0008897,0.000888,5619.871866921434,-0.009553782173766366
2026-09-09 14:41:03.224972,BOME/USDT,TAKE PROFIT,0.000888,0.0008882,5630.630630630631,0.0011261261261261534
2026-09-09 14:42:10.947105,BOME/USDT,TAKE PROFIT,0.0008882,0.0008884,5629.362756136005,0.0011258725512272283
2026-09-09 14:44:24.237016,DOGS/USDT,TAKE PROFIT,4.87e-05,4.867e-05,102669.4045174538,-0.0030800821355234107
2026-09-09 14:45:30.328422,DOGS/USDT,TAKE PROFIT,4.867e-05,4.836e-05,102732.6895418122,-0.031847133757962
2026-09-09 14:46:37.478020,BOME/USDT,TAKE PROFIT,0.000888,0.0008896,5630.630630630631,0.009009009009009228
2026-09-09 14:47:43.492342,BOME/USDT,TAKE PROFIT,0.0008896,0.0008892,5620.5035971223015,-0.0022482014388489754
2026-09-09 14:48:49.307986,WIF/USDT,TAKE PROFIT,0.2121,0.2124,23.573785950023574,0.007072135785006948
2026-09-09 14:49:54.736083,WIF/USDT,TAKE PROFIT,0.2124,0.2126,23.540489642184557,0.0047080979284370465
2026-09-09 14:51:00.839455,WIF/USDT,TAKE PROFIT,0.2126,0.2129,23.518344308560675,0.007055503292568078
2026-09-09 14:53:12.860976,WIF/USDT,TAKE PROFIT,0.2125,0.2128,23.529411764705884,0.007058823529411641
2026-09-09 15:04:15.318542,WIF/USDT,TAKE PROFIT,0.213,0.213,23.474178403755868,0.0
2026-09-09 15:05:20.948270,CATI/USDT,TAKE PROFIT,0.0627,0.06259,79.74481658692184,-0.008771929824561321
2026-09-09 15:06:26.358453,WIF/USDT,TAKE PROFIT,0.2131,0.2137,23.46316283435007,0.014077897700609793
2026-09-09 15:07:32.553443,WIF/USDT,TAKE PROFIT,0.2137,0.2136,23.39728591483388,-0.0023397285914831304
2026-09-09 15:08:38.018993,WIF/USDT,TAKE PROFIT,0.2136,0.2129,23.40823970037453,-0.016385767790262316
2026-09-09 15:09:43.614807,DOGS/USDT,TAKE PROFIT,4.829e-05,4.831e-05,103541.10581901015,0.002070822116380534
2026-09-09 15:10:49.498031,TURBO/USDT,TAKE PROFIT,0.00101,0.001005,4950.495049504951,-0.02475247524752482
2026-09-09 15:11:55.056780,WIF/USDT,TAKE PROFIT,0.2127,0.213,23.507287259050305,0.007052186177714967
2026-09-09 15:13:01.780739,BOME/USDT,TAKE PROFIT,0.00089,0.0008901,5617.9775280898875,0.0005617977528093069
2026-09-09 15:14:08.061052,BOME/USDT,TAKE PROFIT,0.0008901,0.0008909,5617.346365576901,0.00449387709246163
2026-09-09 15:15:14.248165,BOME/USDT,TAKE PROFIT,0.0008909,0.0008916,5612.302166348636,0.003928611516443837
2026-09-09 15:16:20.373239,BOME/USDT,TAKE PROFIT,0.0008916,0.0008916,5607.895917451772,0.0
2026-09-09 15:17:27.051954,BOME/USDT,TAKE PROFIT,0.0008916,0.0008912,5607.895917451772,-0.0022431583669807634
2026-09-09 15:18:33.646381,BOME/USDT,TAKE PROFIT,0.0008912,0.0008914,5610.412926391383,0.0011220825852783038
2026-09-09 15:19:39.942,BOME/USDT,TAKE PROFIT,0.0008914,0.0008909,5609.154139555755,-0.0028045770697776415
2026-09-09 15:20:46.352181,DOGS/USDT,TAKE PROFIT,4.843e-05,4.832e-05,103241.79227751393,-0.011356597150526948
2026-09-09 15:21:53.666522,DOGS/USDT,TAKE PROFIT,4.832e-05,4.839e-05,103476.82119205299,0.007243377483444165
2026-09-09 15:23:00.607840,DOGS/USDT,TAKE PROFIT,4.839e-05,4.845e-05,103327.133705311,0.006199628022318251
2026-09-09 15:24:06.873166,DOGS/USDT,TAKE PROFIT,4.845e-05,4.842e-05,103199.17440660475,-0.0030959752321979383
2026-09-09 15:25:14.023446,DOGS/USDT,TAKE PROFIT,4.842e-05,4.837e-05,103263.11441553077,-0.005163155720776664
2026-09-09 15:26:19.748374,DOGS/USDT,TAKE PROFIT,4.837e-05,4.838e-05,103369.85734959686,0.0010336985734961338
2026-09-09 15:27:26.757153,DOGS/USDT,TAKE PROFIT,4.838e-05,4.836e-05,103348.49111202976,-0.0020669698222409256
2026-09-09 15:28:33.205761,DOGS/USDT,TAKE PROFIT,4.836e-05,4.835e-05,103391.2324234905,-0.0010339123242343695
2026-09-09 15:29:39.908059,DOGS/USDT,TAKE PROFIT,4.835e-05,4.837e-05,103412.61633919338,0.0020682523267834974
2026-09-09 15:30:45.799759,DOGS/USDT,TAKE PROFIT,4.837e-05,4.838e-05,103369.85734959686,0.0010336985734961338
2026-09-09 15:31:52.013022,DOGS/USDT,TAKE PROFIT,4.838e-05,4.839e-05,103348.49111202976,0.0010334849111204628
2026-09-09 15:32:58.048295,DOGS/USDT,TAKE PROFIT,4.839e-05,4.845e-05,103327.133705311,0.006199628022318251
2026-09-09 15:34:04.356473,DOGS/USDT,TAKE PROFIT,4.845e-05,4.843e-05,103199.17440660475,-0.0020639834881317257
2026-09-09 15:35:11.514190,CATI/USDT,TAKE PROFIT,0.06268,0.06268,79.7702616464582,0.0
2026-09-09 15:36:17.622739,DOGS/USDT,TAKE PROFIT,4.842e-05,4.84e-05,103263.11441553077,-0.0020652622883109454
2026-09-09 15:37:24.202089,CATI/USDT,TAKE PROFIT,0.06255,0.0626,79.93605115907275,0.003996802557954307
2026-09-09 15:38:30.535080,CATI/USDT,TAKE PROFIT,0.0626,0.06255,79.87220447284345,-0.003993610223642841
2026-09-09 15:41:50.188086,CATI/USDT,TAKE PROFIT,0.06249,0.06251,80.01280204832774,0.0016002560409664897
2026-09-09 15:44:05.116798,WIF/USDT,TAKE PROFIT,0.2133,0.2143,23.441162681669013,0.023441162681669035
2026-09-09 15:46:18.382067,WIF/USDT,TAKE PROFIT,0.2147,0.2142,23.28830926874709,-0.011644154634373554
2026-09-09 15:47:25.325572,WIF/USDT,TAKE PROFIT,0.2142,0.2144,23.34267040149393,0.00466853408029892
2026-09-09 15:48:30.822511,WIF/USDT,TAKE PROFIT,0.2144,0.2144,23.32089552238806,0.0
2026-09-09 15:49:36.566164,WIF/USDT,TAKE PROFIT,0.2144,0.2143,23.32089552238806,-0.0023320895522391965
2026-09-09 15:50:42.004680,WIF/USDT,TAKE PROFIT,0.2143,0.2144,23.33177788147457,0.0023331777881478474
2026-09-09 15:51:47.579602,DOGS/USDT,TAKE PROFIT,4.815e-05,4.832e-05,103842.15991692628,0.017653167185877474
2026-09-09 15:52:53.871659,WIF/USDT,TAKE PROFIT,0.2146,0.2143,23.29916123019571,-0.006989748369059237
2026-09-09 15:54:00.320897,DOGS/USDT,TAKE PROFIT,4.829e-05,4.832e-05,103541.10581901015,0.003106233174570099
2026-09-09 15:55:06.895623,DOGS/USDT,TAKE PROFIT,4.832e-05,4.836e-05,103476.82119205299,0.00413907284768208
2026-09-09 15:56:12.334689,DOGS/USDT,TAKE PROFIT,4.836e-05,4.837e-05,103391.2324234905,0.0010339123242350701
2026-09-09 15:57:18.563618,DOGS/USDT,TAKE PROFIT,4.837e-05,4.849e-05,103369.85734959686,0.012404382881951505
2026-09-09 15:58:24.008015,WIF/USDT,TAKE PROFIT,0.214,0.2139,23.364485981308412,-0.0023364485981305838
2026-09-09 15:59:29.664666,WIF/USDT,TAKE PROFIT,0.2139,0.2139,23.37540906965872,0.0
2026-09-09 16:00:35.121007,DOGS/USDT,TAKE PROFIT,4.84e-05,4.852e-05,103305.78512396695,0.012396694214876616
2026-09-09 16:01:41.462907,WIF/USDT,TAKE PROFIT,0.2136,0.2138,23.40823970037453,0.0046816479400743904
2026-09-09 16:02:46.932912,DOGS/USDT,TAKE PROFIT,4.861e-05,4.846e-05,102859.49393128986,-0.015428924089693158
2026-09-09 16:03:53.499408,WIF/USDT,TAKE PROFIT,0.2136,0.2134,23.40823970037453,-0.00468164794007504
2026-09-09 16:05:00.428605,WIF/USDT,TAKE PROFIT,0.2134,0.2129,23.430178069353328,-0.011715089034676674
2026-09-09 16:06:07.213579,DOGS/USDT,TAKE PROFIT,4.844e-05,4.833e-05,103220.4789430223,-0.01135425268373217
2026-09-09 16:07:13.707110,WIF/USDT,TAKE PROFIT,0.2124,0.2125,23.540489642184557,0.0023540489642181962
2026-09-09 16:08:20.750687,WIF/USDT,TAKE PROFIT,0.2125,0.213,23.529411764705884,0.011764705882352953
2026-09-09 16:09:27.261884,WIF/USDT,TAKE PROFIT,0.213,0.213,23.474178403755868,0.0
2026-09-09 16:10:34.545736,WIF/USDT,TAKE PROFIT,0.213,0.2128,23.474178403755868,-0.004694835680751308
2026-09-09 16:11:40.544452,DOGS/USDT,TAKE PROFIT,4.828e-05,4.84e-05,103562.55178127589,0.012427506213752987
2026-09-09 16:12:47.124121,DOGS/USDT,TAKE PROFIT,4.84e-05,4.834e-05,103305.78512396695,-0.006198347107437608
2026-09-09 16:13:52.849637,DOGS/USDT,TAKE PROFIT,4.834e-05,4.846e-05,103434.0091021928,0.012412081092263017
2026-09-09 16:14:58.682926,DOGS/USDT,TAKE PROFIT,4.846e-05,4.858e-05,103177.87866281469,0.012381345439537644
2026-09-09 16:16:04.266707,CATI/USDT,TAKE PROFIT,0.06232,0.06252,80.23106546854942,0.01604621309371034
2026-09-09 16:18:15.598187,CATI/USDT,TAKE PROFIT,0.06249,0.06253,80.01280204832774,0.0032005120819335346
2026-09-09 16:19:22.469376,CATI/USDT,TAKE PROFIT,0.06253,0.06257,79.96161842315688,0.003198464736926145
2026-09-09 16:20:27.937033,CATI/USDT,TAKE PROFIT,0.06257,0.06263,79.9105002397315,0.004794630014384249
2026-09-09 16:21:33.982908,TURBO/USDT,TAKE PROFIT,0.001003,0.001006,4985.044865403789,0.01495513459621119
2026-09-09 16:23:45.715693,WIF/USDT,TAKE PROFIT,0.2123,0.2124,23.551577955723033,0.0023551577955726976
2026-09-09 16:25:56.914885,WIF/USDT,TAKE PROFIT,0.2124,0.2123,23.540489642184557,-0.00235404896421885
2026-09-09 16:27:02.349828,WIF/USDT,TAKE PROFIT,0.2123,0.2123,23.551577955723033,0.0
2026-09-09 16:28:08.383215,WIF/USDT,TAKE PROFIT,0.2123,0.2124,23.551577955723033,0.0023551577955726976
2026-09-09 16:29:14.474413,BOME/USDT,TAKE PROFIT,0.0008881,0.0008824,5629.996622002027,-0.03209098074541142
2026-09-09 16:30:20.141866,BOME/USDT,TAKE PROFIT,0.0008824,0.0008823,5666.364460562104,-0.000566636446055917
2026-09-09 16:31:26.176924,BOME/USDT,TAKE PROFIT,0.0008823,0.0008821,5667.00668706789,-0.0011334013374136055
2026-09-09 16:32:32.630543,BOME/USDT,TAKE PROFIT,0.0008821,0.0008815,5668.291576918717,-0.0034009749461513124
2026-09-09 16:33:38.176399,BOME/USDT,TAKE PROFIT,0.0008815,0.0008838,5672.149744753261,0.01304594441293251
2026-09-09 16:34:43.955365,BOME/USDT,TAKE PROFIT,0.0008838,0.0008857,5657.388549445576,0.01074903824394655
2026-09-09 16:35:49.658683,BOME/USDT,TAKE PROFIT,0.0008857,0.0008858,5645.252342779722,0.0005645252342776799
2026-09-09 16:38:01.405,BOME/USDT,TAKE PROFIT,0.0008846,0.0008829,5652.272213429798,-0.009608862762830584
2026-09-09 16:39:07.989751,BOME/USDT,TAKE PROFIT,0.0008829,0.0008824,5663.155510250311,-0.002831577755125531
2026-09-09 16:40:15.131423,PNUT/USDT,TAKE PROFIT,0.0506,0.0501,98.81422924901186,-0.04940711462450598
2026-09-09 16:41:20.925771,PNUT/USDT,TAKE PROFIT,0.0501,0.0501,99.8003992015968,0.0
2026-09-09 16:42:27.829672,PNUT/USDT,TAKE PROFIT,0.0501,0.0502,99.8003992015968,0.009980039920159967
2026-09-09 16:43:33.362892,PNUT/USDT,TAKE PROFIT,0.0502,0.0503,99.60159362549801,0.009960159362549395
2026-09-09 16:44:38.908239,PNUT/USDT,TAKE PROFIT,0.0503,0.0504,99.40357852882704,0.009940357852882989
2026-09-09 16:50:05.202354,PNUT/USDT,TAKE PROFIT,0.0501,0.0502,99.8003992015968,0.009980039920159967
2026-09-09 16:52:17.277511,PNUT/USDT,TAKE PROFIT,0.0501,0.0501,99.8003992015968,0.0
2026-09-09 16:53:23.963881,PNUT/USDT,TAKE PROFIT,0.0501,0.0502,99.8003992015968,0.009980039920159967
2026-09-09 16:55:35.358297,PNUT/USDT,TAKE PROFIT,0.0499,0.05,100.20040080160321,0.010020040080160608
2026-09-09 16:57:46.548735,PNUT/USDT,TAKE PROFIT,0.0499,0.0501,100.20040080160321,0.02004008016032052
2026-09-09 17:01:03.394196,PNUT/USDT,TAKE PROFIT,0.0501,0.0502,99.8003992015968,0.009980039920159967
2026-09-09 17:04:18.745120,PNUT/USDT,TAKE PROFIT,0.0501,0.0502,99.8003992015968,0.009980039920159967
2026-09-09 17:06:30.302330,BOME/USDT,TAKE PROFIT,0.000881,0.0008786,5675.368898978434,-0.013620885357547957
2026-09-09 17:07:35.752289,PNUT/USDT,TAKE PROFIT,0.05,0.0501,100.0,0.009999999999999593
2026-09-09 17:08:41.458923,PNUT/USDT,TAKE PROFIT,0.0501,0.05,99.8003992015968,-0.009980039920159273
2026-09-09 17:09:47.595067,PNUT/USDT,TAKE PROFIT,0.05,0.05,100.0,0.0
2026-09-09 17:10:53.348272,BOME/USDT,TAKE PROFIT,0.0008813,0.0008804,5673.436968115284,-0.005106093271303572
2026-09-09 17:11:58.788890,BOME/USDT,TAKE PROFIT,0.0008804,0.0008807,5679.236710586097,0.0017037710131755626
2026-09-09 17:14:10.315273,BOME/USDT,TAKE PROFIT,0.0008815,0.0008806,5672.149744753261,-0.0051049347702777515
2026-09-09 17:15:16.345571,BOME/USDT,TAKE PROFIT,0.0008806,0.0008797,5677.946854417442,-0.005110152168976131
2026-09-09 17:16:22.237162,BOME/USDT,TAKE PROFIT,0.0008797,0.0008806,5683.755825849722,0.005115380243265182
2026-09-09 17:20:45.878311,FLOKI/USDT,TAKE PROFIT,2.516e-05,2.521e-05,198728.1399046105,0.009936406995230766
2026-09-09 17:21:51.613090,BOME/USDT,TAKE PROFIT,0.0008813,0.0008819,5673.436968115284,0.003404062180869253
2026-09-09 17:22:58.388281,FLOKI/USDT,TAKE PROFIT,2.517e-05,2.516e-05,198649.18553833928,-0.0019864918553837104
2026-09-09 17:24:03.993435,BOME/USDT,TAKE PROFIT,0.0008815,0.000882,5672.149744753261,0.002836074872376392
2026-09-09 17:26:15.646617,FLOKI/USDT,TAKE PROFIT,2.511e-05,2.511e-05,199123.85503783353,0.0
2026-09-09 17:27:22.287724,FLOKI/USDT,TAKE PROFIT,2.511e-05,2.506e-05,199123.85503783353,-0.009956192751891245
2026-09-09 17:28:28.961902,FLOKI/USDT,TAKE PROFIT,2.506e-05,2.507e-05,199521.14924181963,0.0019952114924178393
2026-09-09 17:29:34.594458,FLOKI/USDT,TAKE PROFIT,2.507e-05,2.511e-05,199441.5636218588,0.007977662544874276
2026-09-09 17:30:42.017839,PNUT/USDT,TAKE PROFIT,0.0499,0.0495,100.20040080160321,-0.04008016032064104
2026-09-09 17:31:48.763868,PNUT/USDT,TAKE PROFIT,0.0495,0.0498,101.01010101010101,0.03030303030302977
2026-09-09 17:32:55.330043,PNUT/USDT,TAKE PROFIT,0.0498,0.0498,100.40160642570282,0.0
2026-09-09 17:34:00.977183,PNUT/USDT,TAKE PROFIT,0.0498,0.0499,100.40160642570282,0.01004016064257057
2026-09-09 17:35:07.263535,PNUT/USDT,TAKE PROFIT,0.0499,0.0501,100.20040080160321,0.02004008016032052
2026-09-09 17:38:24.249824,PNUT/USDT,TAKE PROFIT,0.05,0.0503,100.0,0.02999999999999947
2026-09-09 17:39:31.149613,PNUT/USDT,TAKE PROFIT,0.0503,0.0502,99.40357852882704,-0.0099403578528823
2026-09-09 17:40:37.374338,DOGS/USDT,TAKE PROFIT,4.809e-05,4.812e-05,103971.7196922437,0.003119151590767105
2026-09-09 17:41:44.378610,DOGS/USDT,TAKE PROFIT,4.812e-05,4.81e-05,103906.89941812136,-0.0020781379883627596
2026-09-09 17:42:50.960872,DOGS/USDT,TAKE PROFIT,4.81e-05,4.809e-05,103950.10395010396,-0.0010395010395005014
2026-09-09 17:43:57.160544,DOGS/USDT,TAKE PROFIT,4.809e-05,4.802e-05,103971.7196922437,-0.0072780203784575176
2026-09-09 17:46:09.166628,BOME/USDT,TAKE PROFIT,0.0008759,0.0008811,5708.414202534536,0.02968375385317969
2026-09-09 17:47:15.470172,BOME/USDT,TAKE PROFIT,0.0008811,0.0008808,5674.724775848371,-0.001702417432754245
2026-09-09 17:48:22.087811,BOME/USDT,TAKE PROFIT,0.0008808,0.0008803,5676.6575840145315,-0.0028383287920076424
2026-09-09 17:49:27.909260,BOME/USDT,TAKE PROFIT,0.0008803,0.0008793,5679.881858457345,-0.0056798818584574825
2026-09-09 17:50:34.420051,BOME/USDT,TAKE PROFIT,0.0008793,0.0008784,5686.341407938133,-0.005117707267144136
2026-09-09 17:51:41.210784,BOME/USDT,TAKE PROFIT,0.0008784,0.0008777,5692.167577413479,-0.003984517304189224
2026-09-09 17:52:48.563844,BOME/USDT,TAKE PROFIT,0.0008777,0.0008798,5696.707303178762,0.011963085336675382
2026-09-09 17:53:54.561653,BOME/USDT,TAKE PROFIT,0.0008798,0.0008803,5683.109797681291,0.0028415548988404062
2026-09-09 17:55:01.118922,BOME/USDT,TAKE PROFIT,0.0008803,0.0008792,5679.881858457345,-0.006247870044302923
2026-09-09 17:57:13.176747,DOGS/USDT,TAKE PROFIT,4.795e-05,4.79e-05,104275.28675703859,-0.005213764337852056
2026-09-09 17:59:25.530453,DOGS/USDT,TAKE PROFIT,4.795e-05,4.799e-05,104275.28675703859,0.0041710114702815035
2026-09-09 18:00:31.533323,DOGS/USDT,TAKE PROFIT,4.799e-05,4.809e-05,104188.37257762034,0.010418837257762287
2026-09-09 18:01:37.884679,PNUT/USDT,TAKE PROFIT,0.05,0.05,100.0,0.0
2026-09-09 18:03:51.209845,BOME/USDT,TAKE PROFIT,0.0008806,0.0008819,5677.946854417442,0.007381330910742547
2026-09-09 18:04:56.996601,BOME/USDT,TAKE PROFIT,0.0008819,0.000881,5669.577049552103,-0.005102619344597324
2026-09-09 18:06:03.659576,BOME/USDT,TAKE PROFIT,0.000881,0.000881,5675.368898978434,0.0
2026-09-09 18:07:09.875892,BOME/USDT,TAKE PROFIT,0.000881,0.0008805,5675.368898978434,-0.002837684449488978
2026-09-09 18:54:49.330223,CATI/USDT,TAKE PROFIT,0.06314,0.06323,79.18910357934747,0.007127019322140707
2026-09-09 18:57:00.369066,CATI/USDT,TAKE PROFIT,0.06323,0.06334,79.07638779060574,0.008698402656966552
2026-09-09 18:58:05.826265,DOGS/USDT,TAKE PROFIT,4.788e-05,4.721e-05,104427.73600668336,-0.06996658312447843
2026-09-09 18:59:13.060650,TURBO/USDT,TAKE PROFIT,0.000991,0.000981,5045.408678102926,-0.0504540867810283
2026-09-09 19:00:19.643809,TURBO/USDT,TAKE PROFIT,0.000981,0.000982,5096.83995922528,0.005096839959224851
2026-09-09 19:01:26.509437,TURBO/USDT,TAKE PROFIT,0.000982,0.000984,5091.6496945010185,0.010183299389002285
2026-09-09 19:02:31.951891,BOME/USDT,TAKE PROFIT,0.0008723,0.0008767,5731.972945087699,0.02522068095838587
2026-09-09 19:03:39.003972,BOME/USDT,TAKE PROFIT,0.0008767,0.0008762,5703.205201323143,-0.002851602600661332
2026-09-09 19:04:44.624098,BOME/USDT,TAKE PROFIT,0.0008762,0.0008765,5706.45971239443,0.0017119379137180615
2026-09-09 19:05:50.033870,BOME/USDT,TAKE PROFIT,0.0008765,0.0008762,5704.5065601825445,-0.0017113519680544958
2026-09-09 19:06:56.021887,BOME/USDT,TAKE PROFIT,0.0008762,0.0008739,5706.45971239443,-0.0131248573385072
2026-09-09 19:08:02.526920,CATI/USDT,TAKE PROFIT,0.06318,0.06316,79.13896802785692,-0.0015827793605576231
2026-09-09 19:10:13.369892,WIF/USDT,TAKE PROFIT,0.2036,0.2036,24.557956777996072,0.0
2026-09-09 19:11:18.966240,WIF/USDT,TAKE PROFIT,0.2036,0.206,24.557956777996072,0.05893909626719022
2026-09-09 19:12:24.555812,DOGS/USDT,TAKE PROFIT,4.485e-05,4.582e-05,111482.72017837236,0.1081382385730211
2026-09-09 19:13:30.746320,DOGS/USDT,TAKE PROFIT,4.582e-05,4.585e-05,109122.65386294195,0.0032736796158887816
2026-09-09 19:14:36.694741,BOME/USDT,TAKE PROFIT,0.0008627,0.0008639,5795.75750550597,0.006954909006607332
2026-09-09 19:15:42.533590,DOGS/USDT,TAKE PROFIT,4.579e-05,4.58e-05,109194.14719371042,0.0010919414719372787
2026-09-09 19:17:53.949741,DOGS/USDT,TAKE PROFIT,4.578e-05,4.588e-05,109217.999126256,0.010921799912625867
2026-09-09 19:19:00.227897,WIF/USDT,TAKE PROFIT,0.2048,0.2043,24.4140625,-0.01220703125000001
2026-09-09 19:20:06.149808,WIF/USDT,TAKE PROFIT,0.2043,0.2049,24.473813020068526,0.014684287812040857
2026-09-09 19:21:11.755638,SHIB/USDT,TAKE PROFIT,5.27e-06,5.27e-06,948766.6034155597,0.0
2026-09-09 19:22:18.394729,SHIB/USDT,TAKE PROFIT,5.27e-06,5.27e-06,948766.6034155597,0.0
2026-09-09 19:23:23.857159,DOGS/USDT,TAKE PROFIT,4.565e-05,4.611e-05,109529.0251916758,0.050383351588170755
2026-09-09 19:24:29.802643,SHIB/USDT,TAKE PROFIT,5.27e-06,5.27e-06,948766.6034155597,0.0
2026-09-09 19:25:36.014579,DOGS/USDT,TAKE PROFIT,4.607e-05,4.612e-05,108530.49706967658,0.005426524853483961
2026-09-09 19:26:42.054594,DOGS/USDT,TAKE PROFIT,4.612e-05,4.631e-05,108412.83607979184,0.020598438855160803
2026-09-09 19:27:47.556955,DOGS/USDT,TAKE PROFIT,4.631e-05,4.629e-05,107968.04145972792,-0.0021593608291949036
2026-09-09 19:28:53.375105,DOGS/USDT,TAKE PROFIT,4.629e-05,4.625e-05,108014.68999783971,-0.0043205875999135475
2026-09-09 19:29:59.689818,DOGS/USDT,TAKE PROFIT,4.625e-05,4.631e-05,108108.1081081081,0.006486486486486791
2026-09-09 19:31:05.253400,WIF/USDT,TAKE PROFIT,0.2048,0.205,24.4140625,0.004882812499999462
2026-09-09 19:32:11.206643,BOME/USDT,TAKE PROFIT,0.0008681,0.0008669,5759.705103098721,-0.006911646123718634
2026-09-09 19:33:16.721487,SHIB/USDT,TAKE PROFIT,5.27e-06,5.27e-06,948766.6034155597,0.0
2026-09-09 19:34:23.594282,SHIB/USDT,TAKE PROFIT,5.27e-06,5.27e-06,948766.6034155597,0.0
2026-09-09 19:35:29.191937,BOME/USDT,TAKE PROFIT,0.0008666,0.0008658,5769.674590353104,-0.004615739672282595
2026-09-09 19:36:35.648304,BOME/USDT,TAKE PROFIT,0.0008658,0.0008656,5775.005775005775,-0.001155001155001183
2026-09-09 19:37:42.209020,BOME/USDT,TAKE PROFIT,0.0008656,0.0008657,5776.34011090573,0.0005776340110902739
2026-09-09 19:38:48.240356,BOME/USDT,TAKE PROFIT,0.0008657,0.0008673,5775.672865888876,0.009241076585422427
2026-09-09 19:39:54.930389,BOME/USDT,TAKE PROFIT,0.0008673,0.0008679,5765.017871555402,0.0034590107229333254
2026-09-09 19:41:00.414891,BOME/USDT,TAKE PROFIT,0.0008679,0.0008673,5761.032377001959,-0.0034566194262012594
2026-09-09 19:42:06.095022,WIF/USDT,TAKE PROFIT,0.2044,0.205,24.461839530332682,0.014677103718199351
2026-09-09 19:43:11.547461,DOGS/USDT,TAKE PROFIT,4.647e-05,4.648e-05,107596.29868732515,0.0010759629868734234
2026-09-09 19:44:17.577704,NEIRO/USDT,TAKE PROFIT,8.406e-05,8.451e-05,59481.3228646205,0.02676659528907907
2026-09-09 19:45:23.170536,NEIRO/USDT,TAKE PROFIT,8.451e-05,8.44e-05,59164.59590580996,-0.0065081055496389335
2026-09-09 19:46:30.067186,BOME/USDT,TAKE PROFIT,0.0008681,0.0008671,5759.705103098721,-0.005759705103098861
2026-09-09 19:47:35.944224,BOME/USDT,TAKE PROFIT,0.0008671,0.0008671,5766.347595433052,0.0
2026-09-09 19:48:41.606216,BOME/USDT,TAKE PROFIT,0.0008671,0.0008671,5766.347595433052,0.0
2026-09-09 19:49:47.298884,WIF/USDT,TAKE PROFIT,0.2046,0.2041,24.437927663734115,-0.012218963831867068
2026-09-09 19:50:52.779641,BOME/USDT,TAKE PROFIT,0.0008672,0.0008661,5765.682656826568,-0.006342250922509692
2026-09-09 19:51:59.023711,BOME/USDT,TAKE PROFIT,0.0008661,0.0008673,5773.005426625101,0.00692760651195029
2026-09-09 19:53:05.019916,BOME/USDT,TAKE PROFIT,0.0008673,0.0008665,5765.017871555402,-0.004612014297244434
2026-09-09 19:54:10.697855,BOME/USDT,TAKE PROFIT,0.0008665,0.0008665,5770.340450086555,0.0
2026-09-09 19:55:19.105202,BOME/USDT,TAKE PROFIT,0.0008665,0.0008664,5770.340450086555,-0.0005770340450083568
2026-09-09 19:56:25.070297,BOME/USDT,TAKE PROFIT,0.0008664,0.0008635,5771.006463527239,-0.016735918744229087
2026-09-09 19:57:31.260311,WIF/USDT,TAKE PROFIT,0.2036,0.2025,24.557956777996072,-0.02701375245579543
2026-09-09 19:58:38.231876,WIF/USDT,TAKE PROFIT,0.2025,0.2027,24.691358024691358,0.004938271604937728
2026-09-09 19:59:44.469705,WIF/USDT,TAKE PROFIT,0.2027,0.2028,24.6669955599408,0.002466699555994493
2026-09-09 20:00:50.020270,BOME/USDT,TAKE PROFIT,0.0008635,0.0008645,5790.387955993051,0.005790387955993192
2026-09-09 20:01:55.835343,BOME/USDT,TAKE PROFIT,0.0008645,0.0008651,5783.68999421631,0.0034702139965298705
2026-09-09 20:03:01.640544,WIF/USDT,TAKE PROFIT,0.2026,0.2035,24.679170779861796,0.022211253701875225
2026-09-09 20:04:07.664088,SHIB/USDT,TAKE PROFIT,5.27e-06,5.32e-06,948766.6034155597,0.04743833017077753
2026-09-09 20:09:37.625067,DOGS/USDT,TAKE PROFIT,4.697e-05,4.691e-05,106450.92612305727,-0.006387055567383015
2026-09-09 20:10:44.466844,WIF/USDT,TAKE PROFIT,0.2034,0.2041,24.582104228121928,0.017207472959685503
2026-09-09 20:11:51.126235,DOGS/USDT,TAKE PROFIT,4.699e-05,4.705e-05,106405.61821664183,0.006384337092998088
2026-09-09 20:12:57.575339,WIF/USDT,TAKE PROFIT,0.2039,0.2042,24.521824423737126,0.007356547327121008
2026-09-09 20:14:03.962171,WIF/USDT,TAKE PROFIT,0.2042,0.2042,24.48579823702253,0.0
2026-09-09 20:15:09.627359,DOGS/USDT,TAKE PROFIT,4.705e-05,4.708e-05,106269.92561105208,0.003188097768332072
2026-09-09 20:16:15.679790,TURBO/USDT,TAKE PROFIT,0.00096,0.000969,5208.333333333333,0.04687500000000001
2026-09-09 20:17:22.331943,WIF/USDT,TAKE PROFIT,0.2042,0.2041,24.48579823702253,-0.002448579823701983
2026-09-09 20:18:28.050763,WIF/USDT,TAKE PROFIT,0.2041,0.2042,24.49779519843214,0.0024497795198429443
2026-09-09 20:19:35.196638,WIF/USDT,TAKE PROFIT,0.2042,0.2044,24.48579823702253,0.004897159647404646
2026-09-09 20:20:40.671834,WIF/USDT,TAKE PROFIT,0.2044,0.2045,24.461839530332682,0.0024461839530329987
2026-09-09 20:21:46.734302,WIF/USDT,TAKE PROFIT,0.2045,0.2042,24.449877750611247,-0.007334963325183245
2026-09-09 20:22:52.525989,WIF/USDT,TAKE PROFIT,0.2042,0.2042,24.48579823702253,0.0
2026-09-09 20:23:58.136338,DOGS/USDT,TAKE PROFIT,4.734e-05,4.743e-05,105618.92691170258,0.00950570342205332
2026-09-09 20:25:03.678899,DOGS/USDT,TAKE PROFIT,4.743e-05,4.734e-05,105418.51149061776,-0.009487666034155686
2026-09-09 20:26:09.450571,WIF/USDT,TAKE PROFIT,0.2042,0.2043,24.48579823702253,0.0024485798237026627
2026-09-09 20:27:15.692061,WIF/USDT,TAKE PROFIT,0.2043,0.2043,24.473813020068526,0.0
2026-09-09 20:28:21.848137,SHIB/USDT,TAKE PROFIT,5.41e-06,5.41e-06,924214.4177449169,0.0
2026-09-09 20:29:28.099598,TURBO/USDT,TAKE PROFIT,0.000968,0.000964,5165.289256198347,-0.02066115702479333
2026-09-09 20:30:33.702739,BOME/USDT,TAKE PROFIT,0.0008709,0.0008776,5741.187277528993,0.038465954759444254
2026-09-09 20:31:39.457331,BOME/USDT,TAKE PROFIT,0.0008776,0.0008751,5697.356426618049,-0.014243391066545161
2026-09-09 20:32:45.077474,BOME/USDT,TAKE PROFIT,0.0008751,0.0008758,5713.632727688265,0.003999542909382192
2026-09-09 20:33:50.893272,WIF/USDT,TAKE PROFIT,0.2042,0.2043,24.48579823702253,0.0024485798237026627
2026-09-09 20:34:56.774013,SHIB/USDT,TAKE PROFIT,5.23e-06,5.41e-06,956022.9445506693,0.17208413001912046
2026-09-09 20:36:03.093813,SHIB/USDT,TAKE PROFIT,5.41e-06,5.41e-06,924214.4177449169,0.0
2026-09-09 20:37:08.974773,TURBO/USDT,TAKE PROFIT,0.000964,0.000966,5186.721991701244,0.010373443983402179
2026-09-09 20:38:14.437931,WIF/USDT,TAKE PROFIT,0.2042,0.2044,24.48579823702253,0.004897159647404646
2026-09-09 20:39:21.378773,WIF/USDT,TAKE PROFIT,0.2044,0.2045,24.461839530332682,0.0024461839530329987
2026-09-09 20:40:27.765111,WIF/USDT,TAKE PROFIT,0.2045,0.2045,24.449877750611247,0.0
2026-09-09 20:41:34.096442,WIF/USDT,TAKE PROFIT,0.2045,0.2046,24.449877750611247,0.002444987775061534
2026-09-09 20:42:39.889813,WIF/USDT,TAKE PROFIT,0.2046,0.2045,24.437927663734115,-0.0024437927663738205
2026-09-09 20:43:47.140068,WIF/USDT,TAKE PROFIT,0.2045,0.2045,24.449877750611247,0.0
2026-09-09 20:44:52.914013,BOME/USDT,TAKE PROFIT,0.0008752,0.0008782,5712.979890310786,0.017138939670932156
2026-09-09 20:45:59.831954,WIF/USDT,TAKE PROFIT,0.2044,0.2046,24.461839530332682,0.0048923679060666764
2026-09-09 20:47:05.939516,WIF/USDT,TAKE PROFIT,0.2046,0.2045,24.437927663734115,-0.0024437927663738205
2026-09-09 20:48:11.602094,WIF/USDT,TAKE PROFIT,0.2045,0.2047,24.449877750611247,0.004889975550122389
2026-09-09 20:49:17.383859,WIF/USDT,TAKE PROFIT,0.2047,0.2048,24.42598925256473,0.0024425989252568818
2026-09-09 20:50:23.013537,WIF/USDT,TAKE PROFIT,0.2048,0.2047,24.4140625,-0.0024414062500004085
2026-09-09 20:51:29.886571,WIF/USDT,TAKE PROFIT,0.2047,0.2046,24.42598925256473,-0.002442598925256204
2026-09-09 20:52:35.379234,WIF/USDT,TAKE PROFIT,0.2046,0.2047,24.437927663734115,0.002443792766373142
2026-09-09 20:53:41.429543,WIF/USDT,TAKE PROFIT,0.2047,0.2047,24.42598925256473,0.0
2026-09-09 20:54:48.129317,WIF/USDT,TAKE PROFIT,0.2047,0.2047,24.42598925256473,0.0
2026-09-09 20:55:53.884387,WIF/USDT,TAKE PROFIT,0.2047,0.2047,24.42598925256473,0.0
2026-09-09 20:57:00.061358,WIF/USDT,TAKE PROFIT,0.2047,0.2046,24.42598925256473,-0.002442598925256204
2026-09-09 20:58:05.607344,WIF/USDT,TAKE PROFIT,0.2046,0.2046,24.437927663734115,0.0
2026-09-09 20:59:11.475451,WIF/USDT,TAKE PROFIT,0.2046,0.2046,24.437927663734115,0.0
2026-09-09 21:00:17.563777,WIF/USDT,TAKE PROFIT,0.2046,0.2046,24.437927663734115,0.0
2026-09-09 21:01:23.324840,WIF/USDT,TAKE PROFIT,0.2046,0.2047,24.437927663734115,0.002443792766373142
2026-09-09 21:02:29.657961,WIF/USDT,TAKE PROFIT,0.2047,0.2046,24.42598925256473,-0.002442598925256204
2026-09-09 21:03:35.296836,WIF/USDT,TAKE PROFIT,0.2046,0.2046,24.437927663734115,0.0
2026-09-09 21:04:41.621903,WIF/USDT,TAKE PROFIT,0.2046,0.2047,24.437927663734115,0.002443792766373142
2026-09-09 21:05:48.587143,WIF/USDT,TAKE PROFIT,0.2047,0.2048,24.42598925256473,0.0024425989252568818
2026-09-09 21:06:55.362873,PNUT/USDT,TAKE PROFIT,0.0477,0.0481,104.82180293501048,0.04192872117400394
2026-09-09 21:12:33.385792,WIF/USDT,TAKE PROFIT,0.2042,0.2044,24.48579823702253,0.004897159647404646
2026-09-09 21:13:38.963127,WIF/USDT,TAKE PROFIT,0.2044,0.204,24.461839530332682,-0.009784735812133353
2026-09-09 21:14:45.272531,WIF/USDT,TAKE PROFIT,0.204,0.2038,24.50980392156863,-0.004901960784313186
2026-09-09 21:15:51.238457,WIF/USDT,TAKE PROFIT,0.2038,0.2036,24.53385672227674,-0.004906771344455489
2026-09-09 21:16:57.555831,WIF/USDT,TAKE PROFIT,0.2036,0.2035,24.557956777996072,-0.002455795677800018
2026-09-09 21:18:03.071738,WIF/USDT,TAKE PROFIT,0.2035,0.2035,24.57002457002457,0.0
2026-09-09 21:19:11.155817,WIF/USDT,TAKE PROFIT,0.2035,0.2036,24.57002457002457,0.0024570024570028685
2026-09-09 21:20:17.335454,WIF/USDT,TAKE PROFIT,0.2036,0.2033,24.557956777996072,-0.007367387033398692
2026-09-09 21:21:24.244726,WIF/USDT,TAKE PROFIT,0.2033,0.2032,24.594195769798326,-0.0024594195769802444
2026-09-09 21:22:30.973168,WIF/USDT,TAKE PROFIT,0.2032,0.2029,24.606299212598426,-0.007381889763779397
2026-09-09 21:23:38.094334,WIF/USDT,TAKE PROFIT,0.2029,0.2028,24.64268112370626,-0.0024642681123703547
2026-09-09 21:24:44.587064,WIF/USDT,TAKE PROFIT,0.2028,0.2026,24.65483234714004,-0.004930966469428149
2026-09-09 21:25:50.686787,WIF/USDT,TAKE PROFIT,0.2026,0.2031,24.679170779861796,0.012339585389930909
2026-09-09 21:26:57.158849,WIF/USDT,TAKE PROFIT,0.2031,0.2026,24.61841457410143,-0.012309207287050726
2026-09-09 21:28:03.700989,WIF/USDT,TAKE PROFIT,0.2026,0.2022,24.679170779861796,-0.009871668311945001
2026-09-09 21:29:13.045223,WIF/USDT,TAKE PROFIT,0.2022,0.2027,24.727992087042534,0.012363996043521277
2026-09-09 21:30:20.064853,WIF/USDT,TAKE PROFIT,0.2027,0.203,24.6669955599408,0.007400098667982795
2026-09-09 21:31:26.155536,WIF/USDT,TAKE PROFIT,0.203,0.2025,24.63054187192118,-0.012315270935960602
2026-09-09 21:32:32.430064,WIF/USDT,TAKE PROFIT,0.2025,0.2025,24.691358024691358,0.0
2026-09-09 21:33:38.177479,WIF/USDT,TAKE PROFIT,0.2025,0.202,24.691358024691358,-0.01234567901234569
2026-09-09 21:34:43.662237,WIF/USDT,TAKE PROFIT,0.202,0.2017,24.75247524752475,-0.007425742574257981
2026-09-09 21:39:08.264148,DOGS/USDT,TAKE PROFIT,4.709e-05,4.697e-05,106179.65597791463,-0.012741558717349635
2026-09-09 21:40:14.680061,DOGS/USDT,TAKE PROFIT,4.697e-05,4.696e-05,106450.92612305727,-0.001064509261230743
2026-09-09 21:44:41.916360,DOGS/USDT,TAKE PROFIT,4.685e-05,4.674e-05,106723.58591248665,-0.01173959445037324
2026-09-09 21:45:47.864130,DOGS/USDT,TAKE PROFIT,4.674e-05,4.672e-05,106974.75395806589,-0.00213949507916166
2026-09-09 21:46:54.989423,DOGS/USDT,TAKE PROFIT,4.672e-05,4.659e-05,107020.54794520549,-0.013912671232876761
2026-09-09 21:48:00.822814,DOGS/USDT,TAKE PROFIT,4.659e-05,4.672e-05,107319.1672032625,0.013951491736424173
2026-09-09 21:49:07.614987,DOGS/USDT,TAKE PROFIT,4.672e-05,4.673e-05,107020.54794520549,0.0010702054794522258
2026-09-09 21:50:14.516005,DOGS/USDT,TAKE PROFIT,4.673e-05,4.656e-05,106997.64605178685,-0.018189599828803773
2026-09-09 21:51:22.583826,DOGS/USDT,TAKE PROFIT,4.656e-05,4.656e-05,107388.31615120274,0.0
2026-09-09 21:52:29.069828,DOGS/USDT,TAKE PROFIT,4.656e-05,4.654e-05,107388.31615120274,-0.002147766323024398
2026-09-09 21:58:01.288167,DOGS/USDT,TAKE PROFIT,4.664e-05,4.657e-05,107204.1166380789,-0.00750428816466527
2026-09-09 21:59:07.322016,DOGS/USDT,TAKE PROFIT,4.657e-05,4.647e-05,107365.25660296327,-0.010736525660296588
2026-09-09 22:00:13.048455,WIF/USDT,TAKE PROFIT,0.2003,0.2005,24.962556165751373,0.004992511233150417
2026-09-09 22:01:19.321615,DOGS/USDT,TAKE PROFIT,4.643e-05,4.64e-05,107688.99418479431,-0.003230669825543616
2026-09-09 22:02:25.239786,DOGS/USDT,TAKE PROFIT,4.64e-05,4.666e-05,107758.62068965516,0.028017241379309707
2026-09-09 22:03:31.526851,DOGS/USDT,TAKE PROFIT,4.666e-05,4.659e-05,107158.16545220747,-0.00750107158165427
2026-09-09 22:04:37.377649,DOGS/USDT,TAKE PROFIT,4.659e-05,4.665e-05,107319.1672032625,0.0064391500321960525
2026-09-09 22:05:44.158858,DOGS/USDT,TAKE PROFIT,4.665e-05,4.663e-05,107181.13612004287,-0.0021436227224012
2026-09-09 22:06:50.863356,DOGS/USDT,TAKE PROFIT,4.663e-05,4.695e-05,107227.1070126528,0.034312674244049296
2026-09-09 22:07:57.205426,CATI/USDT,TAKE PROFIT,0.06382,0.06387,78.34534628643058,0.003917267314321098
2026-09-09 22:09:03.823673,CATI/USDT,TAKE PROFIT,0.06387,0.06376,78.28401440425866,-0.008611241584468373
2026-09-09 22:10:10.801051,DOGS/USDT,TAKE PROFIT,4.689e-05,4.719e-05,106632.54425250586,0.031989763275751815
2026-09-09 22:11:16.296421,DOGS/USDT,TAKE PROFIT,4.719e-05,4.701e-05,105954.65140919686,-0.01907183725365561
2026-09-09 22:12:22.813211,TURBO/USDT,TAKE PROFIT,0.000968,0.000968,5165.289256198347,0.0
2026-09-09 22:13:31.084942,WIF/USDT,TAKE PROFIT,0.2004,0.2022,24.9500998003992,0.044910179640718466
2026-09-09 22:14:38.081451,DOGS/USDT,TAKE PROFIT,4.693e-05,4.677e-05,106541.65778819518,-0.017046665246111065
2026-09-09 22:15:46.802181,DOGS/USDT,TAKE PROFIT,4.677e-05,4.672e-05,106906.13641223006,-0.005345306820611633
2026-09-09 22:16:53.344142,DOGS/USDT,TAKE PROFIT,4.672e-05,4.673e-05,107020.54794520549,0.0010702054794522258
2026-09-09 22:18:00.061333,WIF/USDT,TAKE PROFIT,0.2016,0.2016,24.8015873015873,0.0
2026-09-09 22:19:07.236087,WIF/USDT,TAKE PROFIT,0.2016,0.2013,24.8015873015873,-0.007440476190476059
2026-09-09 22:20:12.854963,WIF/USDT,TAKE PROFIT,0.2013,0.2011,24.838549428713364,-0.004967709885742815
2026-09-09 22:21:19.289562,WIF/USDT,TAKE PROFIT,0.2011,0.2018,24.86325211337643,0.017404276479363653
2026-09-09 22:22:26.003858,WIF/USDT,TAKE PROFIT,0.2018,0.201,24.777006937561943,-0.019821605550049436
2026-09-09 22:23:32.644954,WIF/USDT,TAKE PROFIT,0.201,0.2005,24.87562189054726,-0.012437810945273641
2026-09-09 22:27:59.434474,SHIB/USDT,TAKE PROFIT,5.41e-06,8.11e-06,924214.4177449169,2.495378927911276
2026-09-09 22:29:05.181532,SHIB/USDT,TAKE PROFIT,8.11e-06,8.11e-06,616522.8113440197,0.0
2026-09-09 22:30:10.844130,DOGS/USDT,TAKE PROFIT,4.667e-05,4.658e-05,107135.20462824084,-0.009642168416541764
2026-09-09 22:31:16.888142,WIF/USDT,TAKE PROFIT,0.2007,0.2003,24.91280518186348,-0.009965122072744985
2026-09-09 22:32:23.399422,DOGS/USDT,TAKE PROFIT,4.652e-05,4.658e-05,107480.65348237316,0.006448839208941964
2026-09-09 22:33:30.175737,DOGS/USDT,TAKE PROFIT,4.658e-05,4.655e-05,107342.20695577502,-0.003220266208673038
2026-09-09 22:34:37.004564,DOGS/USDT,TAKE PROFIT,4.655e-05,4.647e-05,107411.38560687433,-0.008592910848549865
2026-09-09 22:35:43.486942,DOGS/USDT,TAKE PROFIT,4.647e-05,4.643e-05,107596.29868732515,-0.004303851947492965
2026-09-09 22:36:51.325470,DOGS/USDT,TAKE PROFIT,4.643e-05,4.642e-05,107688.99418479431,-0.0010768899418481153
2026-09-09 22:37:57.515574,DOGS/USDT,TAKE PROFIT,4.642e-05,4.645e-05,107712.19302024989,0.003231365790607283
2026-09-09 22:39:04.262807,WIF/USDT,TAKE PROFIT,0.2002,0.1998,24.975024975024976,-0.009990009990009584
2026-09-09 22:40:09.957631,WIF/USDT,TAKE PROFIT,0.1998,0.1998,25.025025025025023,0.0
2026-09-09 22:42:21.714670,CATI/USDT,TAKE PROFIT,0.06404,0.06407,78.07620237351655,0.002342286071205672
2026-09-09 22:51:11.594704,CATI/USDT,TAKE PROFIT,0.06404,0.06418,78.07620237351655,0.010930668332292413
2026-09-09 22:58:53.516818,CATI/USDT,TAKE PROFIT,0.06403,0.06362,78.08839606434483,-0.032016242386381975
2026-09-09 23:00:00.736261,CATI/USDT,TAKE PROFIT,0.06362,0.06374,78.59163784973279,0.00943099654196864
2026-09-09 23:06:35.708211,BOME/USDT,TAKE PROFIT,0.0008586,0.0008604,5823.433496389471,0.01048218029350067
2026-09-09 23:07:43.030761,BOME/USDT,TAKE PROFIT,0.0008604,0.0008614,5811.2505811250585,0.0058112505811252
2026-09-09 23:08:50.517653,BOME/USDT,TAKE PROFIT,0.0008614,0.0008614,5804.504295333179,0.0
2026-09-09 23:09:58.123952,BOME/USDT,TAKE PROFIT,0.0008614,0.0008603,5804.504295333179,-0.006384954724866337
2026-09-09 23:11:05.087522,BOME/USDT,TAKE PROFIT,0.0008603,0.00086,5811.92607230036,-0.0017435778216904655
2026-09-09 23:12:10.658108,BOME/USDT,TAKE PROFIT,0.00086,0.0008575,5813.9534883720935,-0.014534883720930272
2026-09-09 23:13:17.181885,CATI/USDT,TAKE PROFIT,0.06403,0.06422,78.08839606434483,0.014836795252225185
2026-09-09 23:14:24.060443,CATI/USDT,TAKE PROFIT,0.06422,0.06426,77.85736530675803,0.0031142946122701943
2026-09-10 09:47:06.351322,CATI/USDT,TAKE PROFIT,0.06022,0.06039,83.02889405513118,0.014114911989372012
2026-09-10 09:48:11.831775,PNUT/USDT,TAKE PROFIT,0.0472,0.0464,105.9322033898305,-0.08474576271186463
2026-09-10 09:49:17.863441,BOME/USDT,TAKE PROFIT,0.0008573,0.0008558,5832.264084917765,-0.008748396127376544
2026-09-10 09:52:35.661464,BOME/USDT,TAKE PROFIT,0.0008562,0.0008553,5839.75706610605,-0.005255781359495256
2026-09-10 10:20:36.899416,BOME/USDT,TAKE PROFIT,0.0008553,0.0008556,5845.902022682099,0.0017537706068043554
2026-09-10 10:21:45.645065,BOME/USDT,TAKE PROFIT,0.0008556,0.0008548,5843.85226741468,-0.004675081813931858
2026-09-10 10:22:51.171732,BOME/USDT,TAKE PROFIT,0.0008548,0.0008558,5849.32147870847,0.005849321478708612
2026-09-10 10:23:57.423962,BOME/USDT,TAKE PROFIT,0.0008558,0.000856,5842.486562280907,0.0011684973124562097
2026-09-10 10:25:03.859884,BOME/USDT,TAKE PROFIT,0.000856,0.0008573,5841.121495327103,0.007593457943925102
2026-09-10 10:30:32.507272,DOGS/USDT,TAKE PROFIT,4.601e-05,4.577e-05,108672.02782003912,-0.026081286676809874
2026-09-10 10:31:38.786155,DOGS/USDT,TAKE PROFIT,4.577e-05,4.574e-05,109241.86148131965,-0.0032772558444393728
2026-09-10 10:32:45.145641,DOGS/USDT,TAKE PROFIT,4.574e-05,4.583e-05,109313.51114997813,0.009838216003498122
2026-09-10 10:36:03.077426,BOME/USDT,TAKE PROFIT,0.0008561,0.0008576,5840.439201027917,0.008760658801541771
2026-09-10 10:37:08.753316,BOME/USDT,TAKE PROFIT,0.0008576,0.0008588,5830.223880597015,0.006996268656715956
2026-09-10 10:38:14.297324,BOME/USDT,TAKE PROFIT,0.0008588,0.0008618,5822.077317186772,0.017466231951560742
2026-09-10 10:39:20.413987,BOME/USDT,TAKE PROFIT,0.0008618,0.0008582,5801.810164771408,-0.02088651659317695
2026-09-10 10:40:29.537301,BOME/USDT,TAKE PROFIT,0.0008582,0.0008591,5826.147751106968,0.005243532975996083
2026-09-10 10:41:35.179074,SHIB/USDT,TAKE PROFIT,5.06e-06,5.23e-06,988142.2924901186,0.16798418972332024
2026-09-10 10:43:47.421425,WIF/USDT,TAKE PROFIT,0.1952,0.196,25.614754098360653,0.020491803278688398
2026-09-10 10:44:53.013961,SHIB/USDT,TAKE PROFIT,5.09e-06,5.23e-06,982318.2711198428,0.1375245579567775
2026-09-10 10:45:59.574956,SHIB/USDT,TAKE PROFIT,5.23e-06,5.23e-06,956022.9445506693,0.0
2026-09-10 10:47:05.559097,BOME/USDT,TAKE PROFIT,0.0008585,0.0008586,5824.111822947,0.0005824111822950299
2026-09-10 10:48:11.030748,BOME/USDT,TAKE PROFIT,0.0008586,0.0008595,5823.433496389471,0.005241090146750335
2026-09-10 10:49:17.176321,BOME/USDT,TAKE PROFIT,0.0008595,0.0008592,5817.335660267598,-0.001745200698080637
2026-09-10 10:50:22.839738,BOME/USDT,TAKE PROFIT,0.0008592,0.0008593,5819.366852886406,0.0005819366852889702
2026-09-10 10:51:28.566106,BOME/USDT,TAKE PROFIT,0.0008593,0.0008597,5818.689631095077,0.0023274758524380874
2026-09-10 10:52:34.036949,BOME/USDT,TAKE PROFIT,0.0008597,0.0008575,5815.982319413749,-0.012795161102710558
2026-09-10 10:53:39.728530,BOME/USDT,TAKE PROFIT,0.0008575,0.000858,5830.903790087464,0.002915451895044119
2026-09-10 10:54:45.817818,BOME/USDT,TAKE PROFIT,0.000858,0.0008608,5827.505827505827,0.01631701631701608
2026-09-10 10:55:52.277089,BOME/USDT,TAKE PROFIT,0.0008608,0.0008578,5808.550185873606,-0.017425650557620614
2026-09-10 10:56:58.313326,BOME/USDT,TAKE PROFIT,0.0008578,0.0008582,5828.864537188156,0.002331545814875319
2026-09-10 10:58:04.018338,BOME/USDT,TAKE PROFIT,0.0008582,0.000858,5826.147751106968,-0.0011652295502214219
2026-09-10 10:59:09.662692,BOME/USDT,TAKE PROFIT,0.000858,0.0008573,5827.505827505827,-0.0040792540792544945
2026-09-10 11:00:15.489794,BOME/USDT,TAKE PROFIT,0.0008573,0.0008575,5832.264084917765,0.0011664528169835814
2026-09-10 11:01:20.943379,BOME/USDT,TAKE PROFIT,0.0008575,0.0008566,5830.903790087464,-0.0052478134110785285
2026-09-10 11:02:27.401877,BOME/USDT,TAKE PROFIT,0.0008566,0.0008576,5837.030119075414,0.005837030119075557
2026-09-10 11:03:33.074426,BOME/USDT,TAKE PROFIT,0.0008576,0.0008599,5830.223880597015,0.013409514925373144
2026-09-10 11:04:39.119113,BOME/USDT,TAKE PROFIT,0.0008599,0.0008612,5814.629608093965,0.007559018490522022
2026-09-10 11:05:45.736939,SHIB/USDT,TAKE PROFIT,5.08e-06,5.23e-06,984251.9685039371,0.14763779527559082
2026-09-10 11:06:51.932180,WIF/USDT,TAKE PROFIT,0.1956,0.1965,25.56237218813906,0.02300613496932546
2026-09-10 11:07:57.989219,BOME/USDT,TAKE PROFIT,0.0008585,0.0008577,5824.111822947,-0.004659289458357713
2026-09-10 11:09:03.439587,BOME/USDT,TAKE PROFIT,0.0008577,0.0008561,5829.544129649062,-0.009327270607438093
2026-09-10 11:10:09.295869,BOME/USDT,TAKE PROFIT,0.0008561,0.000855,5840.439201027917,-0.006424483121131181
2026-09-10 11:11:14.750131,BOME/USDT,TAKE PROFIT,0.000855,0.000855,5847.95321637427,0.0
2026-09-10 11:12:20.422437,BOME/USDT,TAKE PROFIT,0.000855,0.0008548,5847.95321637427,-0.0011695906432748824
2026-09-10 11:13:25.944199,BOME/USDT,TAKE PROFIT,0.0008548,0.0008572,5849.32147870847,0.014038371548900669
2026-09-10 11:14:32.058872,BOME/USDT,TAKE PROFIT,0.0008572,0.0008559,5832.944470368642,-0.007582827811479103
2026-09-10 11:15:38.236570,BOME/USDT,TAKE PROFIT,0.0008559,0.000856,5841.803949059469,0.0005841803949056444
2026-09-10 11:16:43.794177,BOME/USDT,TAKE PROFIT,0.000856,0.0008531,5841.121495327103,-0.016939252336448694
2026-09-10 11:17:49.820777,BOME/USDT,TAKE PROFIT,0.0008531,0.0008522,5860.977611065526,-0.005274879849958784
2026-09-10 11:18:56.079706,BOME/USDT,TAKE PROFIT,0.0008522,0.000851,5867.167331612298,-0.007040600797934928
2026-09-10 11:20:02.159042,BOME/USDT,TAKE PROFIT,0.000851,0.0008524,5875.440658049354,0.008225616921269295
2026-09-10 11:21:08.142365,BOME/USDT,TAKE PROFIT,0.0008524,0.0008551,5865.790708587518,0.015837634913186363
2026-09-10 11:22:13.772753,BOME/USDT,TAKE PROFIT,0.0008551,0.000855,5847.26932522512,-0.0005847269325228432
2026-09-10 11:23:20.988792,BOME/USDT,TAKE PROFIT,0.000855,0.0008574,5847.95321637427,0.014035087719298588
2026-09-10 11:24:27.167610,BOME/USDT,TAKE PROFIT,0.0008574,0.0008575,5831.583858175881,0.0005831583858172862
2026-09-10 11:25:33.237243,BOME/USDT,TAKE PROFIT,0.0008575,0.0008575,5830.903790087464,0.0
2026-09-10 11:26:38.754727,SHIB/USDT,TAKE PROFIT,5.09e-06,5.23e-06,982318.2711198428,0.1375245579567775
2026-09-10 11:27:44.320829,SHIB/USDT,TAKE PROFIT,5.23e-06,5.23e-06,956022.9445506693,0.0
2026-09-10 11:28:50.660960,SHIB/USDT,TAKE PROFIT,5.23e-06,5.23e-06,956022.9445506693,0.0
2026-09-10 11:29:56.600014,SHIB/USDT,TAKE PROFIT,5.23e-06,5.23e-06,956022.9445506693,0.0
2026-09-10 11:31:02.561384,SHIB/USDT,TAKE PROFIT,5.23e-06,5.23e-06,956022.9445506693,0.0
2026-09-10 11:32:08.933624,SHIB/USDT,TAKE PROFIT,5.23e-06,5.23e-06,956022.9445506693,0.0
2026-09-10 11:33:14.429348,WIF/USDT,TAKE PROFIT,0.1939,0.1961,25.7864878803507,0.056730273336771726
2026-09-10 11:34:19.902983,BOME/USDT,TAKE PROFIT,0.0008582,0.000862,5826.147751106968,0.022139361454206384
2026-09-10 11:35:26.016914,BOME/USDT,TAKE PROFIT,0.000862,0.0008625,5800.46403712297,0.002900232018561241
2026-09-10 11:36:31.709545,BOME/USDT,TAKE PROFIT,0.0008625,0.0008615,5797.101449275362,-0.005797101449275503
2026-09-10 11:37:38.613164,BOME/USDT,TAKE PROFIT,0.0008615,0.0008601,5803.830528148578,-0.008125362739407577
2026-09-10 11:38:44.574337,BOME/USDT,TAKE PROFIT,0.0008601,0.0008602,5813.2775258690845,0.0005813277525866075
2026-09-10 11:39:50.907004,BOME/USDT,TAKE PROFIT,0.0008602,0.0008599,5812.60172053011,-0.0017437805161587602
2026-09-10 11:40:57.275928,BOME/USDT,TAKE PROFIT,0.0008599,0.0008587,5814.629608093965,-0.006977555529712927
2026-09-10 11:42:03.691913,BOME/USDT,TAKE PROFIT,0.0008587,0.0008591,5822.755327821125,0.002329102131128507
2026-09-10 11:43:09.945725,BOME/USDT,TAKE PROFIT,0.0008591,0.0008581,5820.044232336166,-0.005820044232336307
2026-09-10 11:44:15.681029,BOME/USDT,TAKE PROFIT,0.0008581,0.0008574,5826.826710173639,-0.004078778697121331
2026-09-10 11:45:21.740491,BOME/USDT,TAKE PROFIT,0.0008574,0.0008568,5831.583858175881,-0.0034989503149056135
2026-09-10 11:46:27.322638,BOME/USDT,TAKE PROFIT,0.0008568,0.0008571,5835.667600373483,0.001750700280111771
2026-09-10 11:47:32.904928,BOME/USDT,TAKE PROFIT,0.0008571,0.0008578,5833.625014584063,0.004083537510209259
2026-09-10 11:48:38.607161,BOME/USDT,TAKE PROFIT,0.0008578,0.0008568,5828.864537188156,-0.005828864537188298
2026-09-10 11:49:44.601827,BOME/USDT,TAKE PROFIT,0.0008568,0.0008558,5835.667600373483,-0.005835667600373625
2026-09-10 11:50:50.844110,BOME/USDT,TAKE PROFIT,0.0008558,0.0008553,5842.486562280907,-0.0029212432811402075
2026-09-10 11:51:56.373144,BOME/USDT,TAKE PROFIT,0.0008553,0.0008541,5845.902022682099,-0.00701508242721869
2026-09-10 11:53:02.389196,BOME/USDT,TAKE PROFIT,0.0008541,0.0008546,5854.115443156539,0.0029270577215780233
2026-09-10 11:54:08.455019,BOME/USDT,TAKE PROFIT,0.0008546,0.0008551,5850.690381465013,0.002925345190732895
2026-09-10 11:55:14.113413,BOME/USDT,TAKE PROFIT,0.0008551,0.0008555,5847.26932522512,0.002338907730090105
2026-09-10 11:56:19.590271,SHIB/USDT,TAKE PROFIT,5.23e-06,5.23e-06,956022.9445506693,0.0
2026-09-10 11:57:25.445728,SHIB/USDT,TAKE PROFIT,5.23e-06,5.09e-06,956022.9445506693,-0.13384321223709322
2026-09-10 11:58:30.891425,BOME/USDT,TAKE PROFIT,0.0008548,0.0008533,5849.32147870847,-0.0087739822180626
2026-09-10 11:59:36.730828,BOME/USDT,TAKE PROFIT,0.0008533,0.0008537,5859.6038907769835,0.0023438415563108504
2026-09-10 12:00:42.226379,BOME/USDT,TAKE PROFIT,0.0008537,0.0008533,5856.858381164344,-0.0023427433524657944
2026-09-10 12:01:47.774556,BOME/USDT,TAKE PROFIT,0.0008533,0.0008528,5859.6038907769835,-0.0029298019453882452
2026-09-10 12:02:53.289199,BOME/USDT,TAKE PROFIT,0.0008528,0.00085,5863.039399624765,-0.01641651031894974
2026-09-10 12:04:00.411059,BOME/USDT,TAKE PROFIT,0.00085,0.0008485,5882.352941176471,-0.008823529411764602
2026-09-10 12:05:06.427145,BOME/USDT,TAKE PROFIT,0.0008485,0.0008501,5892.751915144373,0.009428403064231226
2026-09-10 12:06:11.954898,BOME/USDT,TAKE PROFIT,0.0008501,0.0008507,5881.660981061052,0.0035289965886367166
2026-09-10 12:07:17.685637,BOME/USDT,TAKE PROFIT,0.0008507,0.0008524,5877.512636652169,0.009991771482308611
2026-09-10 12:08:23.500967,BOME/USDT,TAKE PROFIT,0.0008524,0.0008514,5865.790708587518,-0.00586579070858766
2026-09-10 12:09:29.932071,BOME/USDT,TAKE PROFIT,0.0008514,0.0008532,5872.6802912849425,0.010570824524313153
2026-09-10 12:10:35.766625,BOME/USDT,TAKE PROFIT,0.0008532,0.000852,5860.290670417253,-0.007032348804500875
2026-09-10 15:05:49.368457,BOME/USDT,TAKE PROFIT,0.000852,0.0008384,5868.544600938967,-0.07981220657276998
2026-09-10 15:07:00.229727,WIF/USDT,TAKE PROFIT,0.1935,0.1937,25.839793281653748,0.005167958656330898
2026-09-10 15:08:05.836105,WIF/USDT,TAKE PROFIT,0.1937,0.1936,25.813113061435207,-0.002581311306143953
2026-09-10 15:09:11.304651,WIF/USDT,TAKE PROFIT,0.1936,0.1935,25.826446280991735,-0.002582644628098889
2026-09-10 15:10:17.354003,WIF/USDT,TAKE PROFIT,0.1935,0.1932,25.839793281653748,-0.007751937984495988
2026-09-10 15:11:23.632550,WIF/USDT,TAKE PROFIT,0.1932,0.1927,25.879917184265008,-0.012939958592132515
2026-09-10 15:12:29.580491,BOME/USDT,TAKE PROFIT,0.0008385,0.0008375,5963.029218843172,-0.0059630292188433175
2026-09-10 15:13:36.461599,CATI/USDT,TAKE PROFIT,0.05915,0.05897,84.53085376162299,-0.015215553677092106
2026-09-10 15:14:42.155742,CATI/USDT,TAKE PROFIT,0.05897,0.05904,84.78887569950822,0.005935221298965628
2026-09-10 15:15:47.677851,CATI/USDT,TAKE PROFIT,0.05904,0.05902,84.68834688346882,-0.0016937669376693074
2026-09-10 15:16:53.273688,CATI/USDT,TAKE PROFIT,0.05902,0.05904,84.71704506946797,0.0016943409013892904
2026-09-10 15:17:59.306254,BOME/USDT,TAKE PROFIT,0.0008366,0.000836,5976.571838393498,-0.0035859431030355383
2026-09-10 15:19:05.278546,BOME/USDT,TAKE PROFIT,0.000836,0.0008352,5980.861244019138,-0.004784688995215427
2026-09-10 15:20:11.309155,SHIB/USDT,TAKE PROFIT,5.08e-06,5.08e-06,984251.9685039371,0.0
2026-09-10 15:21:16.771711,BOME/USDT,TAKE PROFIT,0.0008348,0.0008353,5989.458552946813,0.0029947292764731545
2026-09-10 15:22:23.030462,BOME/USDT,TAKE PROFIT,0.0008353,0.0008394,5985.873338920149,0.024542080689572882
2026-09-10 15:24:34.774656,BOME/USDT,TAKE PROFIT,0.0008394,0.0008392,5956.635692161068,-0.0011913271384322425
2026-09-10 15:28:57.489476,BOME/USDT,TAKE PROFIT,0.000838,0.0008393,5966.587112171837,0.007756563245823253
2026-09-10 15:30:03.191588,BOME/USDT,TAKE PROFIT,0.0008393,0.00084,5957.345406886691,0.004170141784821108
2026-09-10 15:31:09.017587,BOME/USDT,TAKE PROFIT,0.00084,0.0008395,5952.380952380952,-0.002976190476190871
2026-09-10 15:32:15.706093,BOME/USDT,TAKE PROFIT,0.0008395,0.000839,5955.926146515783,-0.002977963073257641
2026-09-10 15:49:41.795829,WIF/USDT,TAKE PROFIT,0.1928,0.1933,25.933609958506224,0.012966804979253123
2026-09-10 15:50:47.450937,BOME/USDT,TAKE PROFIT,0.0008403,0.0008434,5950.255861002023,0.018445793169106398
2026-09-10 15:51:52.926010,BOME/USDT,TAKE PROFIT,0.0008434,0.0008422,5928.385107896609,-0.0071140621294761034
2026-09-10 15:52:59.540675,BOME/USDT,TAKE PROFIT,0.0008422,0.0008444,5936.832106388031,0.013061030634053986
2026-09-10 15:54:05.579361,BOME/USDT,TAKE PROFIT,0.0008444,0.0008446,5921.364282330649,0.0011842728564661585
2026-09-10 15:55:11.256352,BOME/USDT,TAKE PROFIT,0.0008446,0.0008448,5919.962112242481,0.001183992422448525
2026-09-10 15:56:17.297770,BOME/USDT,TAKE PROFIT,0.0008448,0.0008453,5918.560606060606,0.002959280303030054
2026-09-10 15:57:23.182368,BOME/USDT,TAKE PROFIT,0.0008453,0.0008464,5915.059742103395,0.0065065657163135724
2026-09-10 15:58:28.990633,BOME/USDT,TAKE PROFIT,0.0008464,0.0008476,5907.372400756144,0.007088846880907545
2026-09-10 15:59:35.059223,BOME/USDT,TAKE PROFIT,0.0008476,0.0008469,5899.0089664936295,-0.0041293062765453215
2026-09-10 16:00:41.462434,BOME/USDT,TAKE PROFIT,0.0008469,0.0008475,5903.884756169559,0.0035423308537011816
2026-09-10 16:01:47.686727,BOME/USDT,TAKE PROFIT,0.0008475,0.0008471,5899.705014749263,-0.002359882005899123
2026-09-10 16:02:54.185396,BOME/USDT,TAKE PROFIT,0.0008471,0.0008461,5902.49085113918,-0.005902490851139324
2026-09-10 16:04:00.193261,BOME/USDT,TAKE PROFIT,0.0008461,0.0008444,5909.46696607966,-0.010046093842335346
2026-09-10 16:05:05.777023,BOME/USDT,TAKE PROFIT,0.0008444,0.0008443,5921.364282330649,-0.0005921364282334003
2026-09-10 16:06:11.208929,BOME/USDT,TAKE PROFIT,0.0008443,0.0008429,5922.065616487031,-0.008290891863081403
2026-09-10 16:07:16.695767,BOME/USDT,TAKE PROFIT,0.0008429,0.0008426,5931.901767706727,-0.0017795705303123828
2026-09-10 16:08:23.339677,BOME/USDT,TAKE PROFIT,0.0008426,0.0008415,5934.0137669119395,-0.006527415143602971
2026-09-10 16:09:30.067379,BOME/USDT,TAKE PROFIT,0.0008415,0.0008417,5941.770647653,0.0011883541295306288
2026-09-10 16:20:22.692002,BOME/USDT,TAKE PROFIT,0.0008406,0.0008405,5948.132286462051,-0.0005948132286465419
2026-09-10 16:21:28.377698,WIF/USDT,TAKE PROFIT,0.1935,0.1936,25.839793281653748,0.0025839793281650903
2026-09-10 16:22:34.839229,WIF/USDT,TAKE PROFIT,0.1936,0.1934,25.826446280991735,-0.005165289256198495
2026-09-10 16:23:40.777036,BOME/USDT,TAKE PROFIT,0.0008402,0.0008409,5950.9640561771,0.004165674839323749
2026-09-10 16:24:46.260228,BOME/USDT,TAKE PROFIT,0.0008409,0.0008397,5946.010227137591,-0.007135212272565282
2026-09-10 16:32:23.461236,SHIB/USDT,TAKE PROFIT,5.05e-06,5.26e-06,990099.0099009901,0.2079207920792076
2026-09-10 16:33:29.469312,WIF/USDT,TAKE PROFIT,0.1934,0.1933,25.853154084798348,-0.00258531540847955
2026-09-10 16:34:34.964085,NEIRO/USDT,TAKE PROFIT,8.329e-05,8.292e-05,60031.21623244087,-0.02221155000600301
2026-09-10 16:35:40.905995,SHIB/USDT,TAKE PROFIT,5.09e-06,5.26e-06,982318.2711198428,0.1669941060903725
2026-09-10 16:36:46.452430,WIF/USDT,TAKE PROFIT,0.1932,0.1937,25.879917184265008,0.012939958592132515
2026-09-10 16:37:52.491591,NEIRO/USDT,TAKE PROFIT,8.3e-05,8.317e-05,60240.96385542169,0.010240963855422098
2026-09-10 16:38:58.324060,PNUT/USDT,TAKE PROFIT,0.0459,0.0462,108.93246187363833,0.03267973856209092
2026-09-10 16:40:04.685660,BOME/USDT,TAKE PROFIT,0.0008376,0.0008383,5969.436485195798,0.004178605539637484
2026-09-10 16:41:10.324846,SHIB/USDT,TAKE PROFIT,5.1e-06,5.26e-06,980392.1568627451,0.15686274509803855
2026-09-10 16:42:15.854189,BOME/USDT,TAKE PROFIT,0.0008376,0.0008391,5969.436485195798,0.008954154727793592
2026-09-10 16:43:21.351160,SHIB/USDT,TAKE PROFIT,5.1e-06,5.26e-06,980392.1568627451,0.15686274509803855
2026-09-10 16:44:28.240226,SHIB/USDT,TAKE PROFIT,5.26e-06,5.26e-06,950570.3422053233,0.0
2026-09-10 16:45:34.076568,SHIB/USDT,TAKE PROFIT,5.26e-06,5.26e-06,950570.3422053233,0.0
2026-09-10 16:46:39.590003,SHIB/USDT,TAKE PROFIT,5.26e-06,5.26e-06,950570.3422053233,0.0
2026-09-10 16:47:45.314143,SHIB/USDT,TAKE PROFIT,5.26e-06,5.26e-06,950570.3422053233,0.0
2026-09-10 16:48:51.115364,BOME/USDT,TAKE PROFIT,0.000838,0.0008369,5966.587112171837,-0.006563245823388857
2026-09-10 16:49:56.761319,BOME/USDT,TAKE PROFIT,0.0008369,0.0008361,5974.42944198829,-0.004779543553590748
2026-09-10 16:51:02.824505,BOME/USDT,TAKE PROFIT,0.0008361,0.0008357,5980.14591556034,-0.002392058366224194
2026-09-10 16:52:09.620277,BOME/USDT,TAKE PROFIT,0.0008357,0.0008354,5983.008256551394,-0.0017949024769651374
2026-09-10 16:53:15.573473,BOME/USDT,TAKE PROFIT,0.0008354,0.0008366,5985.156811108451,0.0071821881733296665
2026-09-10 16:54:21.086731,BOME/USDT,TAKE PROFIT,0.0008366,0.0008356,5976.571838393498,-0.005976571838392996
2026-09-10 16:55:27.158088,BOME/USDT,TAKE PROFIT,0.0008356,0.0008358,5983.724269985639,0.0011967448539971569
2026-09-10 16:56:33.258712,BOME/USDT,TAKE PROFIT,0.0008358,0.0008359,5982.292414453218,0.000598229241445012
2026-09-10 16:57:38.772400,BOME/USDT,TAKE PROFIT,0.0008359,0.0008359,5981.576743629621,0.0
2026-09-10 16:58:44.923554,BOME/USDT,TAKE PROFIT,0.0008359,0.0008354,5981.576743629621,-0.002990788371814559
2026-09-10 16:59:51.411801,BOME/USDT,TAKE PROFIT,0.0008354,0.0008358,5985.156811108451,0.0023940627244434386
2026-09-10 17:00:57.020031,BOME/USDT,TAKE PROFIT,0.0008358,0.0008353,5982.292414453218,-0.002991146207227006
2026-09-10 17:02:03.430954,SHIB/USDT,TAKE PROFIT,5.26e-06,5.26e-06,950570.3422053233,0.0
2026-09-10 17:03:08.873536,SHIB/USDT,TAKE PROFIT,5.26e-06,5.26e-06,950570.3422053233,0.0
2026-09-10 17:04:14.625982,PNUT/USDT,TAKE PROFIT,0.0463,0.0461,107.9913606911447,-0.021598272138228812
2026-09-10 17:05:20.312250,BOME/USDT,TAKE PROFIT,0.0008359,0.0008359,5981.576743629621,0.0
2026-09-10 17:06:26.412690,BOME/USDT,TAKE PROFIT,0.0008359,0.0008364,5981.576743629621,0.002990788371814559
2026-09-10 17:07:32.129683,SHIB/USDT,TAKE PROFIT,5.09e-06,5.26e-06,982318.2711198428,0.1669941060903725
2026-09-10 17:08:37.632166,BOME/USDT,TAKE PROFIT,0.0008361,0.0008372,5980.14591556034,0.00657816050711621
2026-09-10 17:09:43.670351,BOME/USDT,TAKE PROFIT,0.0008372,0.0008371,5972.288580984234,-0.0005972288580981142
2026-09-10 17:10:50.003217,BOME/USDT,TAKE PROFIT,0.0008371,0.0008379,5973.00203082069,0.004778401624656668
2026-09-10 17:11:55.869533,PNUT/USDT,TAKE PROFIT,0.0463,0.0463,107.9913606911447,0.0
2026-09-10 17:14:07.431638,BOME/USDT,TAKE PROFIT,0.0008378,0.0008395,5968.011458582,0.010145619479589323
2026-09-10 17:15:13.049880,BOME/USDT,TAKE PROFIT,0.0008395,0.0008399,5955.926146515783,0.002382370458606371
2026-09-10 17:16:18.486509,BOME/USDT,TAKE PROFIT,0.0008399,0.0008404,5953.089653530183,0.0029765448267654866
2026-09-10 17:17:24.485447,BOME/USDT,TAKE PROFIT,0.0008404,0.00084,5949.547834364588,-0.0023798191337458933
2026-09-10 17:18:30.689122,BOME/USDT,TAKE PROFIT,0.00084,0.0008403,5952.380952380952,0.0017857142857140064
2026-09-10 17:19:37.352385,BOME/USDT,TAKE PROFIT,0.0008403,0.0008408,5950.255861002023,0.0029751279305007612
2026-09-10 17:20:43.105297,BOME/USDT,TAKE PROFIT,0.0008408,0.0008412,5946.717411988583,0.002378686964795491
2026-09-10 17:21:49.392795,BOME/USDT,TAKE PROFIT,0.0008412,0.0008412,5943.889681407513,0.0
2026-09-10 17:22:55.008627,BOME/USDT,TAKE PROFIT,0.0008412,0.0008412,5943.889681407513,0.0
2026-09-10 17:24:00.986980,BOME/USDT,TAKE PROFIT,0.0008412,0.0008419,5943.889681407513,0.004160722776985683
2026-09-10 17:25:06.403344,BOME/USDT,TAKE PROFIT,0.0008419,0.0008419,5938.947618482005,0.0
2026-09-10 17:26:11.827207,BOME/USDT,TAKE PROFIT,0.0008419,0.0008406,5938.947618482005,-0.007720631904026472
2026-09-10 17:27:17.792435,BOME/USDT,TAKE PROFIT,0.0008406,0.0008411,5948.132286462051,0.002974066143230775
2026-09-10 17:28:23.551456,BOME/USDT,TAKE PROFIT,0.0008411,0.0008424,5944.596361907026,0.007727975270479
2026-09-10 17:29:29.024432,BOME/USDT,TAKE PROFIT,0.0008424,0.0008427,5935.422602089269,0.0017806267806271458
2026-09-10 17:30:34.604584,BOME/USDT,TAKE PROFIT,0.0008427,0.000842,5933.309600094933,-0.004153316720066876
2026-09-10 17:31:40.866481,BOME/USDT,TAKE PROFIT,0.000842,0.0008427,5938.242280285036,0.004156769596199948
2026-09-10 17:32:46.303324,BOME/USDT,TAKE PROFIT,0.0008427,0.0008425,5933.309600094933,-0.0011866619200190153
2026-09-10 17:33:51.751568,BOME/USDT,TAKE PROFIT,0.0008425,0.0008417,5934.718100890207,-0.004747774480712281
2026-09-10 17:34:57.640952,BOME/USDT,TAKE PROFIT,0.0008417,0.0008428,5940.358797671379,0.0065343946774383535
2026-09-10 17:36:03.061248,BOME/USDT,TAKE PROFIT,0.0008428,0.0008418,5932.605600379687,-0.005932605600379831
2026-09-10 17:37:08.553311,BOME/USDT,TAKE PROFIT,0.0008418,0.0008421,5939.653124257544,0.0017818959372776285
2026-09-10 17:38:13.974617,BOME/USDT,TAKE PROFIT,0.0008421,0.0008417,5937.537109606935,-0.0023750148438428315
2026-09-10 17:39:19.409883,BOME/USDT,TAKE PROFIT,0.0008417,0.0008427,5940.358797671379,0.005940358797671523
2026-09-10 17:40:24.896662,BOME/USDT,TAKE PROFIT,0.0008427,0.0008411,5933.309600094933,-0.009493295360152122
2026-09-10 17:41:30.967480,BOME/USDT,TAKE PROFIT,0.0008411,0.0008422,5944.596361907026,0.006539055998097566
2026-09-10 17:42:36.948157,BOME/USDT,TAKE PROFIT,0.0008422,0.0008422,5936.832106388031,0.0
2026-09-10 17:43:42.622207,BOME/USDT,TAKE PROFIT,0.0008422,0.0008427,5936.832106388031,0.0029684160531944096
2026-09-10 17:44:48.221936,BOME/USDT,TAKE PROFIT,0.0008427,0.0008429,5933.309600094933,0.0011866619200190153
2026-09-10 17:46:59.962734,BOME/USDT,TAKE PROFIT,0.0008429,0.0008432,5931.901767706727,0.0017795705303117397
2026-09-10 17:49:11.457289,BOME/USDT,TAKE PROFIT,0.0008422,0.0008414,5936.832106388031,-0.004749465685110541
2026-09-10 17:50:17.436402,BOME/USDT,TAKE PROFIT,0.0008414,0.0008415,5942.476824340385,0.0005942476824343751
2026-09-10 17:51:23.492777,BOME/USDT,TAKE PROFIT,0.0008415,0.0008421,5941.770647653,0.003565062388591887
2026-09-10 17:52:29.571812,BOME/USDT,TAKE PROFIT,0.0008421,0.000842,5937.537109606935,-0.0005937537109610298
2026-09-10 17:53:35.525651,BOME/USDT,TAKE PROFIT,0.000842,0.0008422,5938.242280285036,0.001187648456057036
2026-09-10 17:54:40.951451,BOME/USDT,TAKE PROFIT,0.0008422,0.0008423,5936.832106388031,0.0005936832106391394
2026-09-10 17:55:46.482031,WIF/USDT,TAKE PROFIT,0.1947,0.1949,25.680534155110426,0.0051361068310215195
2026-09-10 17:57:58.963680,WIF/USDT,TAKE PROFIT,0.1947,0.1945,25.680534155110426,-0.0051361068310222325
2026-09-10 17:59:05.174269,WIF/USDT,TAKE PROFIT,0.1945,0.1944,25.70694087403599,-0.0025706940874040294
2026-09-10 18:00:10.977722,WIF/USDT,TAKE PROFIT,0.1944,0.1945,25.720164609053498,0.0025720164609057804
2026-09-10 18:06:46.652196,BOME/USDT,TAKE PROFIT,0.0008436,0.0008447,5926.979611190138,0.006519677572308989
2026-09-10 18:08:58.484073,WIF/USDT,TAKE PROFIT,0.1944,0.1944,25.720164609053498,0.0
2026-09-10 18:10:04.752211,BOME/USDT,TAKE PROFIT,0.0008436,0.0008448,5926.979611190138,0.007112375533428339
2026-09-10 18:11:11.552655,BOME/USDT,TAKE PROFIT,0.0008448,0.0008453,5918.560606060606,0.002959280303030054
2026-09-10 18:12:17.004318,BOME/USDT,TAKE PROFIT,0.0008453,0.0008458,5915.059742103395,0.002957529871051449
2026-09-10 18:13:22.907498,BOME/USDT,TAKE PROFIT,0.0008458,0.0008457,5911.563017261764,-0.0005911563017258703
2026-09-10 18:14:29.068031,BOME/USDT,TAKE PROFIT,0.0008457,0.0008458,5912.262031453234,0.0005912262031450173
2026-09-10 18:15:34.844921,BOME/USDT,TAKE PROFIT,0.0008458,0.0008445,5911.563017261764,-0.007685031922440159
2026-09-10 18:16:40.261561,BOME/USDT,TAKE PROFIT,0.0008445,0.0008434,5920.663114268798,-0.006512729425695515
2026-09-10 18:17:45.691258,BOME/USDT,TAKE PROFIT,0.0008434,0.0008442,5928.385107896609,0.004742708086317403
2026-09-10 18:18:52.949048,WIF/USDT,TAKE PROFIT,0.1944,0.1944,25.720164609053498,0.0
2026-09-10 18:19:59.196730,WIF/USDT,TAKE PROFIT,0.1944,0.1943,25.720164609053498,-0.0025720164609050666
2026-09-10 18:21:05.424626,WIF/USDT,TAKE PROFIT,0.1943,0.1941,25.73340195573855,-0.005146680391147858
2026-09-10 18:22:11.161106,WIF/USDT,TAKE PROFIT,0.1941,0.1941,25.75991756826378,0.0
2026-09-10 18:23:18.243047,WIF/USDT,TAKE PROFIT,0.1941,0.194,25.75991756826378,-0.0025759917568260945
2026-09-10 18:24:24.339845,WIF/USDT,TAKE PROFIT,0.194,0.1939,25.77319587628866,-0.0025773195876292974
2026-09-10 18:25:30.306746,WIF/USDT,TAKE PROFIT,0.1939,0.194,25.7864878803507,0.0025786487880355017
2026-09-10 18:26:36.308125,WIF/USDT,TAKE PROFIT,0.194,0.1939,25.77319587628866,-0.0025773195876292974
2026-09-10 18:27:43.086554,WIF/USDT,TAKE PROFIT,0.1939,0.1939,25.7864878803507,0.0
2026-09-10 18:28:49.172520,WIF/USDT,TAKE PROFIT,0.1939,0.1939,25.7864878803507,0.0
2026-09-10 18:29:55.046777,CATI/USDT,TAKE PROFIT,0.06007,0.06032,83.23622440486099,0.020809056101215265
2026-09-10 18:35:02.040647,SHIB/USDT,TAKE PROFIT,5.1e-06,5.26e-06,1960784.3137254901,0.3137254901960771
2026-09-10 18:36:09.418650,WIF/USDT,TAKE PROFIT,0.1938,0.1935,51.59958720330237,-0.015479876160990438
2026-09-10 18:37:17.612830,WIF/USDT,TAKE PROFIT,0.1935,0.1931,51.679586563307495,-0.02067183462532359
2026-09-10 18:38:24.492945,SHIB/USDT,TAKE PROFIT,5.09e-06,5.26e-06,1964636.5422396855,0.333988212180745
2026-09-10 18:39:37.688306,WIF/USDT,TAKE PROFIT,0.1931,0.1932,51.786639047125846,0.005178663904713452
